CUSTOMER_ID,LATITUDE,LONGITUDE,ZONE_TYPE,TRADE_AREA_RADIUS_KM
CUS001,42.3314,-83.0458,Urban,84.9
CUS002,48.1351,11.582,Suburban,398.1
CUS003,34.6937,135.5023,Rural,302.2
CUS004,51.5074,-0.1278,Rural,197.0
CUS005,39.7392,-104.9903,Rural,269.3
CUS006,40.4168,-3.7038,Urban,343.3
CUS007,42.3601,-71.0589,Urban,344.0
CUS008,39.9042,116.4074,Industrial,386.6
CUS009,49.2827,-123.1207,Industrial,64.7
CUS010,59.9139,10.7522,Rural,87.5
CUS011,-31.9505,115.8605,Urban,477.4
CUS012,19.076,72.8777,Industrial,486.2
CUS013,38.8816,-77.091,Suburban,258.8
CUS014,-33.4489,-70.6693,Urban,436.6
CUS015,47.5596,7.5886,Industrial,422.4
CUS016,41.0082,28.9784,Suburban,84.9
CUS017,41.2565,-95.9345,Suburban,274.3
CUS018,35.6762,139.6503,Urban,303.5
CUS019,55.6761,12.5683,Rural,19.5
CUS020,-3.119,-60.0217,Industrial,440.6
