FORECAST_DATE,REGION,PART_ID,FORECAST_QTY,LOWER_BOUND,UPPER_BOUND,CONFIDENCE,MODEL_VERSION
2026-09-12,North America,PRT001,306.0,295.0,364.0,0.93,ML_Ensemble_v3
2026-09-19,North America,PRT001,240.0,235.0,252.0,0.69,ML_Ensemble_v3
2026-09-26,North America,PRT001,327.0,287.0,375.0,0.72,ML_Ensemble_v3
2026-10-03,North America,PRT001,289.0,240.0,299.0,0.94,ML_Ensemble_v3
2026-10-10,North America,PRT001,299.0,268.0,321.0,0.93,ML_Ensemble_v3
2026-10-17,North America,PRT001,323.0,285.0,367.0,0.94,ML_Ensemble_v3
2026-10-24,North America,PRT001,369.0,348.0,430.0,0.66,ML_Ensemble_v3
2026-10-31,North America,PRT001,296.0,272.0,345.0,0.85,ML_Ensemble_v3
2026-11-07,North America,PRT001,385.0,327.0,428.0,0.74,ML_Ensemble_v3
2026-11-14,North America,PRT001,338.0,295.0,393.0,0.69,ML_Ensemble_v3
2026-11-21,North America,PRT001,361.0,355.0,390.0,0.94,ML_Ensemble_v3
2026-11-28,North America,PRT001,265.0,216.0,308.0,0.72,ML_Ensemble_v3
2026-09-12,North America,PRT002,586.0,571.0,675.0,0.77,ML_Ensemble_v3
2026-09-19,North America,PRT002,427.0,416.0,498.0,0.93,ML_Ensemble_v3
2026-09-26,North America,PRT002,457.0,431.0,537.0,0.9,ML_Ensemble_v3
2026-10-03,North America,PRT002,520.0,489.0,573.0,0.76,ML_Ensemble_v3
2026-10-10,North America,PRT002,439.0,391.0,441.0,0.67,ML_Ensemble_v3
2026-10-17,North America,PRT002,457.0,424.0,530.0,0.69,ML_Ensemble_v3
2026-10-24,North America,PRT002,444.0,362.0,458.0,0.8,ML_Ensemble_v3
2026-10-31,North America,PRT002,574.0,555.0,662.0,0.9,ML_Ensemble_v3
2026-11-07,North America,PRT002,467.0,418.0,535.0,0.73,ML_Ensemble_v3
2026-11-14,North America,PRT002,444.0,428.0,514.0,0.71,ML_Ensemble_v3
2026-11-21,North America,PRT002,514.0,508.0,605.0,0.72,ML_Ensemble_v3
2026-11-28,North America,PRT002,567.0,558.0,640.0,0.84,ML_Ensemble_v3
2026-09-12,North America,PRT003,1943.0,1620.0,2098.0,0.78,ML_Ensemble_v3
2026-09-19,North America,PRT003,1803.0,1475.0,1936.0,0.93,ML_Ensemble_v3
2026-09-26,North America,PRT003,2040.0,2007.0,2225.0,0.85,ML_Ensemble_v3
2026-10-03,North America,PRT003,2015.0,1899.0,2091.0,0.91,ML_Ensemble_v3
2026-10-10,North America,PRT003,1859.0,1536.0,2177.0,0.83,ML_Ensemble_v3
2026-10-17,North America,PRT003,1701.0,1457.0,1931.0,0.78,ML_Ensemble_v3
2026-10-24,North America,PRT003,1737.0,1481.0,1952.0,0.92,ML_Ensemble_v3
2026-10-31,North America,PRT003,1883.0,1764.0,2055.0,0.65,ML_Ensemble_v3
2026-11-07,North America,PRT003,1954.0,1831.0,2232.0,0.86,ML_Ensemble_v3
2026-11-14,North America,PRT003,1971.0,1678.0,2009.0,0.67,ML_Ensemble_v3
2026-11-21,North America,PRT003,1800.0,1799.0,2138.0,0.94,ML_Ensemble_v3
2026-11-28,North America,PRT003,1963.0,1864.0,1981.0,0.73,ML_Ensemble_v3
2026-09-12,North America,PRT004,1236.0,1228.0,1374.0,0.82,ML_Ensemble_v3
2026-09-19,North America,PRT004,1398.0,1259.0,1658.0,0.91,ML_Ensemble_v3
2026-09-26,North America,PRT004,1356.0,1123.0,1388.0,0.66,ML_Ensemble_v3
2026-10-03,North America,PRT004,1356.0,1322.0,1583.0,0.87,ML_Ensemble_v3
2026-10-10,North America,PRT004,1387.0,1280.0,1598.0,0.73,ML_Ensemble_v3
2026-10-17,North America,PRT004,1232.0,1205.0,1309.0,0.95,ML_Ensemble_v3
2026-10-24,North America,PRT004,1307.0,1218.0,1516.0,0.67,ML_Ensemble_v3
2026-10-31,North America,PRT004,1198.0,1013.0,1206.0,0.73,ML_Ensemble_v3
2026-11-07,North America,PRT004,1280.0,1261.0,1290.0,0.76,ML_Ensemble_v3
2026-11-14,North America,PRT004,1172.0,1052.0,1288.0,0.9,ML_Ensemble_v3
2026-11-21,North America,PRT004,1308.0,1273.0,1355.0,0.7,ML_Ensemble_v3
2026-11-28,North America,PRT004,1246.0,1065.0,1468.0,0.83,ML_Ensemble_v3
2026-09-12,North America,PRT005,1354.0,1196.0,1375.0,0.88,ML_Ensemble_v3
2026-09-19,North America,PRT005,1185.0,1159.0,1191.0,0.85,ML_Ensemble_v3
2026-09-26,North America,PRT005,1162.0,1151.0,1356.0,0.7,ML_Ensemble_v3
2026-10-03,North America,PRT005,1095.0,1058.0,1239.0,0.79,ML_Ensemble_v3
2026-10-10,North America,PRT005,1357.0,1349.0,1535.0,0.94,ML_Ensemble_v3
2026-10-17,North America,PRT005,1165.0,1102.0,1336.0,0.94,ML_Ensemble_v3
2026-10-24,North America,PRT005,1123.0,1043.0,1196.0,0.67,ML_Ensemble_v3
2026-10-31,North America,PRT005,1163.0,1152.0,1252.0,0.77,ML_Ensemble_v3
2026-11-07,North America,PRT005,1378.0,1127.0,1613.0,0.7,ML_Ensemble_v3
2026-11-14,North America,PRT005,1521.0,1304.0,1750.0,0.85,ML_Ensemble_v3
2026-11-21,North America,PRT005,1321.0,1270.0,1403.0,0.86,ML_Ensemble_v3
2026-11-28,North America,PRT005,1293.0,1207.0,1509.0,0.8,ML_Ensemble_v3
2026-09-12,North America,PRT006,1118.0,989.0,1288.0,0.89,ML_Ensemble_v3
2026-09-19,North America,PRT006,955.0,847.0,1037.0,0.66,ML_Ensemble_v3
2026-09-26,North America,PRT006,967.0,906.0,997.0,0.8,ML_Ensemble_v3
2026-10-03,North America,PRT006,1134.0,1026.0,1200.0,0.78,ML_Ensemble_v3
2026-10-10,North America,PRT006,1124.0,928.0,1328.0,0.9,ML_Ensemble_v3
2026-10-17,North America,PRT006,974.0,837.0,983.0,0.67,ML_Ensemble_v3
2026-10-24,North America,PRT006,1083.0,887.0,1227.0,0.82,ML_Ensemble_v3
2026-10-31,North America,PRT006,1042.0,887.0,1059.0,0.8,ML_Ensemble_v3
2026-11-07,North America,PRT006,1139.0,953.0,1228.0,0.67,ML_Ensemble_v3
2026-11-14,North America,PRT006,1167.0,1003.0,1304.0,0.79,ML_Ensemble_v3
2026-11-21,North America,PRT006,960.0,953.0,1127.0,0.71,ML_Ensemble_v3
2026-11-28,North America,PRT006,896.0,851.0,1004.0,0.91,ML_Ensemble_v3
2026-09-12,North America,PRT007,299.0,249.0,327.0,0.86,ML_Ensemble_v3
2026-09-19,North America,PRT007,305.0,303.0,342.0,0.8,ML_Ensemble_v3
2026-09-26,North America,PRT007,243.0,227.0,277.0,0.77,ML_Ensemble_v3
2026-10-03,North America,PRT007,247.0,204.0,248.0,0.68,ML_Ensemble_v3
2026-10-10,North America,PRT007,398.0,335.0,449.0,0.84,ML_Ensemble_v3
2026-10-17,North America,PRT007,315.0,292.0,365.0,0.71,ML_Ensemble_v3
2026-10-24,North America,PRT007,299.0,241.0,309.0,0.7,ML_Ensemble_v3
2026-10-31,North America,PRT007,354.0,352.0,388.0,0.91,ML_Ensemble_v3
2026-11-07,North America,PRT007,300.0,291.0,304.0,0.65,ML_Ensemble_v3
2026-11-14,North America,PRT007,313.0,295.0,375.0,0.9,ML_Ensemble_v3
2026-11-21,North America,PRT007,318.0,272.0,348.0,0.8,ML_Ensemble_v3
2026-11-28,North America,PRT007,285.0,263.0,324.0,0.9,ML_Ensemble_v3
2026-09-12,North America,PRT008,999.0,862.0,1012.0,0.92,ML_Ensemble_v3
2026-09-19,North America,PRT008,905.0,810.0,995.0,0.93,ML_Ensemble_v3
2026-09-26,North America,PRT008,933.0,800.0,968.0,0.75,ML_Ensemble_v3
2026-10-03,North America,PRT008,1156.0,976.0,1366.0,0.75,ML_Ensemble_v3
2026-10-10,North America,PRT008,879.0,726.0,931.0,0.86,ML_Ensemble_v3
2026-10-17,North America,PRT008,932.0,901.0,1058.0,0.87,ML_Ensemble_v3
2026-10-24,North America,PRT008,1103.0,1020.0,1165.0,0.87,ML_Ensemble_v3
2026-10-31,North America,PRT008,869.0,718.0,904.0,0.83,ML_Ensemble_v3
2026-11-07,North America,PRT008,1152.0,992.0,1201.0,0.66,ML_Ensemble_v3
2026-11-14,North America,PRT008,1073.0,1048.0,1150.0,0.7,ML_Ensemble_v3
2026-11-21,North America,PRT008,1112.0,904.0,1207.0,0.84,ML_Ensemble_v3
2026-11-28,North America,PRT008,822.0,695.0,865.0,0.75,ML_Ensemble_v3
2026-09-12,North America,PRT009,927.0,770.0,1055.0,0.8,ML_Ensemble_v3
2026-09-19,North America,PRT009,824.0,775.0,976.0,0.78,ML_Ensemble_v3
2026-09-26,North America,PRT009,629.0,517.0,706.0,0.88,ML_Ensemble_v3
2026-10-03,North America,PRT009,828.0,799.0,835.0,0.68,ML_Ensemble_v3
2026-10-10,North America,PRT009,685.0,570.0,725.0,0.78,ML_Ensemble_v3
2026-10-17,North America,PRT009,668.0,633.0,682.0,0.84,ML_Ensemble_v3
2026-10-24,North America,PRT009,777.0,690.0,842.0,0.88,ML_Ensemble_v3
2026-10-31,North America,PRT009,809.0,778.0,865.0,0.8,ML_Ensemble_v3
2026-11-07,North America,PRT009,866.0,755.0,981.0,0.7,ML_Ensemble_v3
2026-11-14,North America,PRT009,843.0,745.0,881.0,0.89,ML_Ensemble_v3
2026-11-21,North America,PRT009,719.0,698.0,833.0,0.76,ML_Ensemble_v3
2026-11-28,North America,PRT009,796.0,660.0,798.0,0.89,ML_Ensemble_v3
2026-09-12,North America,PRT010,2035.0,1695.0,2060.0,0.88,ML_Ensemble_v3
2026-09-19,North America,PRT010,1979.0,1837.0,2336.0,0.67,ML_Ensemble_v3
2026-09-26,North America,PRT010,1696.0,1533.0,1796.0,0.77,ML_Ensemble_v3
2026-10-03,North America,PRT010,1681.0,1531.0,1783.0,0.87,ML_Ensemble_v3
2026-10-10,North America,PRT010,1913.0,1732.0,2265.0,0.86,ML_Ensemble_v3
2026-10-17,North America,PRT010,1886.0,1586.0,2091.0,0.89,ML_Ensemble_v3
2026-10-24,North America,PRT010,1749.0,1673.0,1891.0,0.71,ML_Ensemble_v3
2026-10-31,North America,PRT010,1655.0,1336.0,1765.0,0.87,ML_Ensemble_v3
2026-11-07,North America,PRT010,1926.0,1650.0,1962.0,0.82,ML_Ensemble_v3
2026-11-14,North America,PRT010,1810.0,1722.0,1868.0,0.66,ML_Ensemble_v3
2026-11-21,North America,PRT010,1963.0,1874.0,2248.0,0.95,ML_Ensemble_v3
2026-11-28,North America,PRT010,1637.0,1329.0,1759.0,0.84,ML_Ensemble_v3
2026-09-12,North America,PRT011,881.0,757.0,1011.0,0.79,ML_Ensemble_v3
2026-09-19,North America,PRT011,812.0,780.0,972.0,0.82,ML_Ensemble_v3
2026-09-26,North America,PRT011,863.0,793.0,923.0,0.74,ML_Ensemble_v3
2026-10-03,North America,PRT011,717.0,676.0,813.0,0.86,ML_Ensemble_v3
2026-10-10,North America,PRT011,717.0,657.0,835.0,0.76,ML_Ensemble_v3
2026-10-17,North America,PRT011,760.0,716.0,886.0,0.67,ML_Ensemble_v3
2026-10-24,North America,PRT011,931.0,828.0,1000.0,0.81,ML_Ensemble_v3
2026-10-31,North America,PRT011,850.0,768.0,917.0,0.73,ML_Ensemble_v3
2026-11-07,North America,PRT011,701.0,691.0,770.0,0.94,ML_Ensemble_v3
2026-11-14,North America,PRT011,808.0,670.0,829.0,0.86,ML_Ensemble_v3
2026-11-21,North America,PRT011,897.0,739.0,935.0,0.79,ML_Ensemble_v3
2026-11-28,North America,PRT011,897.0,887.0,963.0,0.94,ML_Ensemble_v3
2026-09-12,North America,PRT012,1190.0,962.0,1227.0,0.76,ML_Ensemble_v3
2026-09-19,North America,PRT012,1282.0,1104.0,1407.0,0.89,ML_Ensemble_v3
2026-09-26,North America,PRT012,1344.0,1315.0,1583.0,0.71,ML_Ensemble_v3
2026-10-03,North America,PRT012,1383.0,1242.0,1417.0,0.75,ML_Ensemble_v3
2026-10-10,North America,PRT012,1340.0,1223.0,1581.0,0.88,ML_Ensemble_v3
2026-10-17,North America,PRT012,1156.0,1091.0,1296.0,0.88,ML_Ensemble_v3
2026-10-24,North America,PRT012,1112.0,989.0,1304.0,0.75,ML_Ensemble_v3
2026-10-31,North America,PRT012,1264.0,1179.0,1368.0,0.72,ML_Ensemble_v3
2026-11-07,North America,PRT012,1158.0,1132.0,1328.0,0.84,ML_Ensemble_v3
2026-11-14,North America,PRT012,1374.0,1294.0,1532.0,0.89,ML_Ensemble_v3
2026-11-21,North America,PRT012,1190.0,1085.0,1235.0,0.84,ML_Ensemble_v3
2026-11-28,North America,PRT012,1112.0,901.0,1238.0,0.71,ML_Ensemble_v3
2026-09-12,North America,PRT013,1045.0,873.0,1049.0,0.89,ML_Ensemble_v3
2026-09-19,North America,PRT013,973.0,916.0,1146.0,0.78,ML_Ensemble_v3
2026-09-26,North America,PRT013,1054.0,852.0,1235.0,0.66,ML_Ensemble_v3
2026-10-03,North America,PRT013,879.0,776.0,1030.0,0.75,ML_Ensemble_v3
2026-10-10,North America,PRT013,997.0,831.0,1025.0,0.73,ML_Ensemble_v3
2026-10-17,North America,PRT013,1047.0,902.0,1132.0,0.7,ML_Ensemble_v3
2026-10-24,North America,PRT013,926.0,752.0,998.0,0.75,ML_Ensemble_v3
2026-10-31,North America,PRT013,952.0,823.0,1023.0,0.9,ML_Ensemble_v3
2026-11-07,North America,PRT013,1079.0,990.0,1186.0,0.88,ML_Ensemble_v3
2026-11-14,North America,PRT013,1057.0,870.0,1070.0,0.79,ML_Ensemble_v3
2026-11-21,North America,PRT013,916.0,776.0,1079.0,0.73,ML_Ensemble_v3
2026-11-28,North America,PRT013,1120.0,1047.0,1175.0,0.82,ML_Ensemble_v3
2026-09-12,North America,PRT014,1537.0,1425.0,1600.0,0.94,ML_Ensemble_v3
2026-09-19,North America,PRT014,1746.0,1741.0,2019.0,0.81,ML_Ensemble_v3
2026-09-26,North America,PRT014,1283.0,1027.0,1402.0,0.9,ML_Ensemble_v3
2026-10-03,North America,PRT014,1754.0,1744.0,1754.0,0.93,ML_Ensemble_v3
2026-10-10,North America,PRT014,1394.0,1221.0,1492.0,0.84,ML_Ensemble_v3
2026-10-17,North America,PRT014,1626.0,1467.0,1641.0,0.87,ML_Ensemble_v3
2026-10-24,North America,PRT014,1472.0,1214.0,1513.0,0.82,ML_Ensemble_v3
2026-10-31,North America,PRT014,1540.0,1365.0,1728.0,0.94,ML_Ensemble_v3
2026-11-07,North America,PRT014,1495.0,1274.0,1720.0,0.79,ML_Ensemble_v3
2026-11-14,North America,PRT014,1809.0,1802.0,1932.0,0.79,ML_Ensemble_v3
2026-11-21,North America,PRT014,1597.0,1484.0,1598.0,0.79,ML_Ensemble_v3
2026-11-28,North America,PRT014,1623.0,1516.0,1757.0,0.92,ML_Ensemble_v3
2026-09-12,North America,PRT015,1450.0,1348.0,1473.0,0.66,ML_Ensemble_v3
2026-09-19,North America,PRT015,1262.0,1179.0,1432.0,0.76,ML_Ensemble_v3
2026-09-26,North America,PRT015,1541.0,1287.0,1777.0,0.86,ML_Ensemble_v3
2026-10-03,North America,PRT015,1182.0,1055.0,1403.0,0.78,ML_Ensemble_v3
2026-10-10,North America,PRT015,1441.0,1419.0,1544.0,0.68,ML_Ensemble_v3
2026-10-17,North America,PRT015,1476.0,1270.0,1688.0,0.72,ML_Ensemble_v3
2026-10-24,North America,PRT015,1300.0,1275.0,1484.0,0.71,ML_Ensemble_v3
2026-10-31,North America,PRT015,1437.0,1386.0,1551.0,0.91,ML_Ensemble_v3
2026-11-07,North America,PRT015,1299.0,1211.0,1446.0,0.85,ML_Ensemble_v3
2026-11-14,North America,PRT015,1383.0,1125.0,1419.0,0.67,ML_Ensemble_v3
2026-11-21,North America,PRT015,1421.0,1285.0,1643.0,0.71,ML_Ensemble_v3
2026-11-28,North America,PRT015,1653.0,1650.0,1882.0,0.81,ML_Ensemble_v3
2026-09-12,North America,PRT016,521.0,484.0,619.0,0.67,ML_Ensemble_v3
2026-09-19,North America,PRT016,562.0,498.0,673.0,0.73,ML_Ensemble_v3
2026-09-26,North America,PRT016,554.0,527.0,652.0,0.72,ML_Ensemble_v3
2026-10-03,North America,PRT016,521.0,461.0,568.0,0.65,ML_Ensemble_v3
2026-10-10,North America,PRT016,597.0,480.0,685.0,0.94,ML_Ensemble_v3
2026-10-17,North America,PRT016,608.0,495.0,638.0,0.7,ML_Ensemble_v3
2026-10-24,North America,PRT016,542.0,486.0,630.0,0.83,ML_Ensemble_v3
2026-10-31,North America,PRT016,673.0,583.0,706.0,0.68,ML_Ensemble_v3
2026-11-07,North America,PRT016,571.0,495.0,662.0,0.93,ML_Ensemble_v3
2026-11-14,North America,PRT016,664.0,614.0,766.0,0.84,ML_Ensemble_v3
2026-11-21,North America,PRT016,543.0,438.0,577.0,0.9,ML_Ensemble_v3
2026-11-28,North America,PRT016,552.0,456.0,653.0,0.78,ML_Ensemble_v3
2026-09-12,North America,PRT017,655.0,598.0,694.0,0.76,ML_Ensemble_v3
2026-09-19,North America,PRT017,654.0,621.0,684.0,0.83,ML_Ensemble_v3
2026-09-26,North America,PRT017,669.0,641.0,787.0,0.84,ML_Ensemble_v3
2026-10-03,North America,PRT017,666.0,657.0,770.0,0.79,ML_Ensemble_v3
2026-10-10,North America,PRT017,647.0,595.0,656.0,0.89,ML_Ensemble_v3
2026-10-17,North America,PRT017,708.0,648.0,799.0,0.73,ML_Ensemble_v3
2026-10-24,North America,PRT017,584.0,496.0,678.0,0.67,ML_Ensemble_v3
2026-10-31,North America,PRT017,726.0,644.0,865.0,0.88,ML_Ensemble_v3
2026-11-07,North America,PRT017,648.0,537.0,688.0,0.75,ML_Ensemble_v3
2026-11-14,North America,PRT017,808.0,648.0,903.0,0.85,ML_Ensemble_v3
2026-11-21,North America,PRT017,786.0,764.0,853.0,0.71,ML_Ensemble_v3
2026-11-28,North America,PRT017,694.0,682.0,803.0,0.75,ML_Ensemble_v3
2026-09-12,North America,PRT018,1237.0,1072.0,1380.0,0.94,ML_Ensemble_v3
2026-09-19,North America,PRT018,1007.0,890.0,1039.0,0.79,ML_Ensemble_v3
2026-09-26,North America,PRT018,1378.0,1103.0,1439.0,0.72,ML_Ensemble_v3
2026-10-03,North America,PRT018,1337.0,1134.0,1533.0,0.94,ML_Ensemble_v3
2026-10-10,North America,PRT018,1257.0,1052.0,1505.0,0.76,ML_Ensemble_v3
2026-10-17,North America,PRT018,1557.0,1255.0,1593.0,0.74,ML_Ensemble_v3
2026-10-24,North America,PRT018,1451.0,1174.0,1460.0,0.71,ML_Ensemble_v3
2026-10-31,North America,PRT018,1534.0,1499.0,1755.0,0.75,ML_Ensemble_v3
2026-11-07,North America,PRT018,1273.0,1233.0,1505.0,0.66,ML_Ensemble_v3
2026-11-14,North America,PRT018,1365.0,1195.0,1580.0,0.68,ML_Ensemble_v3
2026-11-21,North America,PRT018,1473.0,1417.0,1668.0,0.93,ML_Ensemble_v3
2026-11-28,North America,PRT018,1377.0,1376.0,1619.0,0.91,ML_Ensemble_v3
2026-09-12,North America,PRT019,256.0,214.0,275.0,0.76,ML_Ensemble_v3
2026-09-19,North America,PRT019,267.0,265.0,280.0,0.66,ML_Ensemble_v3
2026-09-26,North America,PRT019,217.0,208.0,231.0,0.67,ML_Ensemble_v3
2026-10-03,North America,PRT019,225.0,220.0,264.0,0.94,ML_Ensemble_v3
2026-10-10,North America,PRT019,230.0,206.0,261.0,0.67,ML_Ensemble_v3
2026-10-17,North America,PRT019,222.0,211.0,251.0,0.8,ML_Ensemble_v3
2026-10-24,North America,PRT019,201.0,176.0,229.0,0.86,ML_Ensemble_v3
2026-10-31,North America,PRT019,235.0,200.0,254.0,0.93,ML_Ensemble_v3
2026-11-07,North America,PRT019,215.0,181.0,252.0,0.77,ML_Ensemble_v3
2026-11-14,North America,PRT019,222.0,217.0,248.0,0.93,ML_Ensemble_v3
2026-11-21,North America,PRT019,194.0,158.0,211.0,0.76,ML_Ensemble_v3
2026-11-28,North America,PRT019,267.0,239.0,301.0,0.78,ML_Ensemble_v3
2026-09-12,North America,PRT020,838.0,735.0,868.0,0.72,ML_Ensemble_v3
2026-09-19,North America,PRT020,1088.0,948.0,1105.0,0.9,ML_Ensemble_v3
2026-09-26,North America,PRT020,854.0,841.0,871.0,0.67,ML_Ensemble_v3
2026-10-03,North America,PRT020,972.0,816.0,1010.0,0.75,ML_Ensemble_v3
2026-10-10,North America,PRT020,940.0,804.0,1073.0,0.95,ML_Ensemble_v3
2026-10-17,North America,PRT020,1185.0,1126.0,1361.0,0.92,ML_Ensemble_v3
2026-10-24,North America,PRT020,1094.0,1047.0,1183.0,0.77,ML_Ensemble_v3
2026-10-31,North America,PRT020,1007.0,938.0,1102.0,0.8,ML_Ensemble_v3
2026-11-07,North America,PRT020,999.0,844.0,1148.0,0.79,ML_Ensemble_v3
2026-11-14,North America,PRT020,947.0,906.0,1090.0,0.87,ML_Ensemble_v3
2026-11-21,North America,PRT020,820.0,687.0,947.0,0.86,ML_Ensemble_v3
2026-11-28,North America,PRT020,1025.0,912.0,1139.0,0.76,ML_Ensemble_v3
2026-09-12,Europe,PRT001,1396.0,1343.0,1629.0,0.75,ML_Ensemble_v3
2026-09-19,Europe,PRT001,1405.0,1317.0,1519.0,0.88,ML_Ensemble_v3
2026-09-26,Europe,PRT001,1090.0,1043.0,1291.0,0.7,ML_Ensemble_v3
2026-10-03,Europe,PRT001,1186.0,1027.0,1336.0,0.83,ML_Ensemble_v3
2026-10-10,Europe,PRT001,1029.0,866.0,1110.0,0.81,ML_Ensemble_v3
2026-10-17,Europe,PRT001,1043.0,857.0,1162.0,0.79,ML_Ensemble_v3
2026-10-24,Europe,PRT001,1231.0,1121.0,1239.0,0.86,ML_Ensemble_v3
2026-10-31,Europe,PRT001,1175.0,984.0,1191.0,0.94,ML_Ensemble_v3
2026-11-07,Europe,PRT001,1200.0,977.0,1214.0,0.81,ML_Ensemble_v3
2026-11-14,Europe,PRT001,1275.0,1240.0,1380.0,0.7,ML_Ensemble_v3
2026-11-21,Europe,PRT001,1325.0,1078.0,1578.0,0.91,ML_Ensemble_v3
2026-11-28,Europe,PRT001,1280.0,1077.0,1391.0,0.86,ML_Ensemble_v3
2026-09-12,Europe,PRT002,814.0,733.0,925.0,0.73,ML_Ensemble_v3
2026-09-19,Europe,PRT002,856.0,710.0,867.0,0.77,ML_Ensemble_v3
2026-09-26,Europe,PRT002,1054.0,1029.0,1151.0,0.82,ML_Ensemble_v3
2026-10-03,Europe,PRT002,897.0,769.0,1055.0,0.79,ML_Ensemble_v3
2026-10-10,Europe,PRT002,954.0,880.0,1108.0,0.7,ML_Ensemble_v3
2026-10-17,Europe,PRT002,850.0,833.0,975.0,0.79,ML_Ensemble_v3
2026-10-24,Europe,PRT002,1068.0,938.0,1270.0,0.72,ML_Ensemble_v3
2026-10-31,Europe,PRT002,997.0,852.0,1122.0,0.74,ML_Ensemble_v3
2026-11-07,Europe,PRT002,1161.0,979.0,1275.0,0.95,ML_Ensemble_v3
2026-11-14,Europe,PRT002,941.0,940.0,955.0,0.68,ML_Ensemble_v3
2026-11-21,Europe,PRT002,1023.0,870.0,1126.0,0.79,ML_Ensemble_v3
2026-11-28,Europe,PRT002,897.0,842.0,1032.0,0.76,ML_Ensemble_v3
2026-09-12,Europe,PRT003,1611.0,1326.0,1907.0,0.75,ML_Ensemble_v3
2026-09-19,Europe,PRT003,1400.0,1256.0,1420.0,0.81,ML_Ensemble_v3
2026-09-26,Europe,PRT003,1533.0,1478.0,1791.0,0.7,ML_Ensemble_v3
2026-10-03,Europe,PRT003,1883.0,1544.0,1993.0,0.81,ML_Ensemble_v3
2026-10-10,Europe,PRT003,1484.0,1388.0,1529.0,0.76,ML_Ensemble_v3
2026-10-17,Europe,PRT003,1554.0,1254.0,1763.0,0.71,ML_Ensemble_v3
2026-10-24,Europe,PRT003,1445.0,1341.0,1652.0,0.92,ML_Ensemble_v3
2026-10-31,Europe,PRT003,1250.0,1077.0,1263.0,0.65,ML_Ensemble_v3
2026-11-07,Europe,PRT003,1590.0,1391.0,1666.0,0.68,ML_Ensemble_v3
2026-11-14,Europe,PRT003,1269.0,1267.0,1355.0,0.71,ML_Ensemble_v3
2026-11-21,Europe,PRT003,1507.0,1446.0,1757.0,0.7,ML_Ensemble_v3
2026-11-28,Europe,PRT003,1415.0,1249.0,1445.0,0.75,ML_Ensemble_v3
2026-09-12,Europe,PRT004,1197.0,1183.0,1226.0,0.71,ML_Ensemble_v3
2026-09-19,Europe,PRT004,1242.0,1037.0,1342.0,0.74,ML_Ensemble_v3
2026-09-26,Europe,PRT004,1066.0,1026.0,1204.0,0.76,ML_Ensemble_v3
2026-10-03,Europe,PRT004,1246.0,1052.0,1321.0,0.83,ML_Ensemble_v3
2026-10-10,Europe,PRT004,1229.0,1226.0,1438.0,0.7,ML_Ensemble_v3
2026-10-17,Europe,PRT004,1186.0,1091.0,1418.0,0.86,ML_Ensemble_v3
2026-10-24,Europe,PRT004,1048.0,908.0,1181.0,0.92,ML_Ensemble_v3
2026-10-31,Europe,PRT004,888.0,862.0,974.0,0.75,ML_Ensemble_v3
2026-11-07,Europe,PRT004,1053.0,977.0,1102.0,0.83,ML_Ensemble_v3
2026-11-14,Europe,PRT004,1115.0,943.0,1252.0,0.92,ML_Ensemble_v3
2026-11-21,Europe,PRT004,1132.0,1046.0,1145.0,0.76,ML_Ensemble_v3
2026-11-28,Europe,PRT004,1347.0,1118.0,1402.0,0.66,ML_Ensemble_v3
2026-09-12,Europe,PRT005,1489.0,1289.0,1572.0,0.84,ML_Ensemble_v3
2026-09-19,Europe,PRT005,1599.0,1446.0,1912.0,0.84,ML_Ensemble_v3
2026-09-26,Europe,PRT005,1853.0,1605.0,1942.0,0.81,ML_Ensemble_v3
2026-10-03,Europe,PRT005,1907.0,1779.0,2002.0,0.86,ML_Ensemble_v3
2026-10-10,Europe,PRT005,1809.0,1563.0,1969.0,0.65,ML_Ensemble_v3
2026-10-17,Europe,PRT005,1626.0,1323.0,1688.0,0.84,ML_Ensemble_v3
2026-10-24,Europe,PRT005,1925.0,1768.0,2245.0,0.93,ML_Ensemble_v3
2026-10-31,Europe,PRT005,1949.0,1590.0,2232.0,0.74,ML_Ensemble_v3
2026-11-07,Europe,PRT005,1824.0,1550.0,1928.0,0.78,ML_Ensemble_v3
2026-11-14,Europe,PRT005,1740.0,1486.0,2012.0,0.67,ML_Ensemble_v3
2026-11-21,Europe,PRT005,2030.0,1804.0,2236.0,0.87,ML_Ensemble_v3
2026-11-28,Europe,PRT005,1859.0,1792.0,2154.0,0.66,ML_Ensemble_v3
2026-09-12,Europe,PRT006,909.0,836.0,937.0,0.87,ML_Ensemble_v3
2026-09-19,Europe,PRT006,714.0,637.0,779.0,0.76,ML_Ensemble_v3
2026-09-26,Europe,PRT006,798.0,713.0,822.0,0.71,ML_Ensemble_v3
2026-10-03,Europe,PRT006,799.0,719.0,915.0,0.8,ML_Ensemble_v3
2026-10-10,Europe,PRT006,1019.0,891.0,1118.0,0.84,ML_Ensemble_v3
2026-10-17,Europe,PRT006,747.0,659.0,753.0,0.93,ML_Ensemble_v3
2026-10-24,Europe,PRT006,741.0,657.0,779.0,0.92,ML_Ensemble_v3
2026-10-31,Europe,PRT006,917.0,827.0,1006.0,0.86,ML_Ensemble_v3
2026-11-07,Europe,PRT006,821.0,778.0,861.0,0.66,ML_Ensemble_v3
2026-11-14,Europe,PRT006,745.0,690.0,846.0,0.86,ML_Ensemble_v3
2026-11-21,Europe,PRT006,797.0,746.0,838.0,0.83,ML_Ensemble_v3
2026-11-28,Europe,PRT006,825.0,799.0,827.0,0.88,ML_Ensemble_v3
2026-09-12,Europe,PRT007,1440.0,1411.0,1589.0,0.71,ML_Ensemble_v3
2026-09-19,Europe,PRT007,1259.0,1216.0,1322.0,0.74,ML_Ensemble_v3
2026-09-26,Europe,PRT007,1516.0,1306.0,1641.0,0.91,ML_Ensemble_v3
2026-10-03,Europe,PRT007,1294.0,1059.0,1459.0,0.88,ML_Ensemble_v3
2026-10-10,Europe,PRT007,1296.0,1278.0,1399.0,0.74,ML_Ensemble_v3
2026-10-17,Europe,PRT007,1410.0,1358.0,1410.0,0.67,ML_Ensemble_v3
2026-10-24,Europe,PRT007,1286.0,1218.0,1330.0,0.76,ML_Ensemble_v3
2026-10-31,Europe,PRT007,1192.0,1001.0,1236.0,0.93,ML_Ensemble_v3
2026-11-07,Europe,PRT007,1087.0,883.0,1127.0,0.88,ML_Ensemble_v3
2026-11-14,Europe,PRT007,1397.0,1370.0,1511.0,0.84,ML_Ensemble_v3
2026-11-21,Europe,PRT007,1127.0,967.0,1212.0,0.73,ML_Ensemble_v3
2026-11-28,Europe,PRT007,1141.0,1046.0,1250.0,0.85,ML_Ensemble_v3
2026-09-12,Europe,PRT008,337.0,309.0,403.0,0.68,ML_Ensemble_v3
2026-09-19,Europe,PRT008,311.0,250.0,349.0,0.95,ML_Ensemble_v3
2026-09-26,Europe,PRT008,299.0,259.0,325.0,0.76,ML_Ensemble_v3
2026-10-03,Europe,PRT008,237.0,237.0,275.0,0.93,ML_Ensemble_v3
2026-10-10,Europe,PRT008,271.0,236.0,289.0,0.68,ML_Ensemble_v3
2026-10-17,Europe,PRT008,273.0,257.0,313.0,0.92,ML_Ensemble_v3
2026-10-24,Europe,PRT008,341.0,292.0,389.0,0.89,ML_Ensemble_v3
2026-10-31,Europe,PRT008,326.0,301.0,369.0,0.79,ML_Ensemble_v3
2026-11-07,Europe,PRT008,315.0,312.0,366.0,0.65,ML_Ensemble_v3
2026-11-14,Europe,PRT008,306.0,248.0,355.0,0.75,ML_Ensemble_v3
2026-11-21,Europe,PRT008,262.0,242.0,266.0,0.78,ML_Ensemble_v3
2026-11-28,Europe,PRT008,355.0,350.0,425.0,0.91,ML_Ensemble_v3
2026-09-12,Europe,PRT009,1805.0,1496.0,1993.0,0.82,ML_Ensemble_v3
2026-09-19,Europe,PRT009,1673.0,1507.0,1716.0,0.89,ML_Ensemble_v3
2026-09-26,Europe,PRT009,1737.0,1694.0,1796.0,0.78,ML_Ensemble_v3
2026-10-03,Europe,PRT009,2074.0,1934.0,2174.0,0.71,ML_Ensemble_v3
2026-10-10,Europe,PRT009,1820.0,1614.0,2080.0,0.7,ML_Ensemble_v3
2026-10-17,Europe,PRT009,1575.0,1545.0,1817.0,0.72,ML_Ensemble_v3
2026-10-24,Europe,PRT009,1836.0,1514.0,1886.0,0.81,ML_Ensemble_v3
2026-10-31,Europe,PRT009,2048.0,1676.0,2332.0,0.91,ML_Ensemble_v3
2026-11-07,Europe,PRT009,2120.0,1969.0,2280.0,0.87,ML_Ensemble_v3
2026-11-14,Europe,PRT009,1719.0,1507.0,1940.0,0.82,ML_Ensemble_v3
2026-11-21,Europe,PRT009,2020.0,1663.0,2056.0,0.68,ML_Ensemble_v3
2026-11-28,Europe,PRT009,1595.0,1575.0,1832.0,0.68,ML_Ensemble_v3
2026-09-12,Europe,PRT010,919.0,735.0,930.0,0.81,ML_Ensemble_v3
2026-09-19,Europe,PRT010,645.0,642.0,686.0,0.76,ML_Ensemble_v3
2026-09-26,Europe,PRT010,741.0,682.0,774.0,0.77,ML_Ensemble_v3
2026-10-03,Europe,PRT010,675.0,602.0,695.0,0.93,ML_Ensemble_v3
2026-10-10,Europe,PRT010,852.0,784.0,877.0,0.85,ML_Ensemble_v3
2026-10-17,Europe,PRT010,736.0,693.0,825.0,0.74,ML_Ensemble_v3
2026-10-24,Europe,PRT010,869.0,818.0,953.0,0.9,ML_Ensemble_v3
2026-10-31,Europe,PRT010,806.0,759.0,867.0,0.94,ML_Ensemble_v3
2026-11-07,Europe,PRT010,720.0,681.0,836.0,0.86,ML_Ensemble_v3
2026-11-14,Europe,PRT010,914.0,889.0,947.0,0.8,ML_Ensemble_v3
2026-11-21,Europe,PRT010,646.0,626.0,774.0,0.81,ML_Ensemble_v3
2026-11-28,Europe,PRT010,948.0,886.0,1135.0,0.88,ML_Ensemble_v3
2026-09-12,Europe,PRT011,775.0,650.0,908.0,0.77,ML_Ensemble_v3
2026-09-19,Europe,PRT011,830.0,789.0,926.0,0.89,ML_Ensemble_v3
2026-09-26,Europe,PRT011,923.0,769.0,949.0,0.86,ML_Ensemble_v3
2026-10-03,Europe,PRT011,736.0,610.0,768.0,0.87,ML_Ensemble_v3
2026-10-10,Europe,PRT011,854.0,782.0,970.0,0.95,ML_Ensemble_v3
2026-10-17,Europe,PRT011,827.0,819.0,897.0,0.9,ML_Ensemble_v3
2026-10-24,Europe,PRT011,906.0,757.0,915.0,0.94,ML_Ensemble_v3
2026-10-31,Europe,PRT011,844.0,775.0,1008.0,0.84,ML_Ensemble_v3
2026-11-07,Europe,PRT011,822.0,738.0,935.0,0.94,ML_Ensemble_v3
2026-11-14,Europe,PRT011,879.0,769.0,1000.0,0.89,ML_Ensemble_v3
2026-11-21,Europe,PRT011,804.0,748.0,848.0,0.85,ML_Ensemble_v3
2026-11-28,Europe,PRT011,727.0,599.0,739.0,0.8,ML_Ensemble_v3
2026-09-12,Europe,PRT012,1341.0,1227.0,1415.0,0.87,ML_Ensemble_v3
2026-09-19,Europe,PRT012,1372.0,1148.0,1505.0,0.84,ML_Ensemble_v3
2026-09-26,Europe,PRT012,1205.0,979.0,1424.0,0.89,ML_Ensemble_v3
2026-10-03,Europe,PRT012,1441.0,1387.0,1447.0,0.82,ML_Ensemble_v3
2026-10-10,Europe,PRT012,1132.0,1023.0,1265.0,0.86,ML_Ensemble_v3
2026-10-17,Europe,PRT012,1331.0,1098.0,1532.0,0.94,ML_Ensemble_v3
2026-10-24,Europe,PRT012,1453.0,1215.0,1614.0,0.89,ML_Ensemble_v3
2026-10-31,Europe,PRT012,1311.0,1082.0,1365.0,0.7,ML_Ensemble_v3
2026-11-07,Europe,PRT012,1109.0,1105.0,1222.0,0.76,ML_Ensemble_v3
2026-11-14,Europe,PRT012,1285.0,1136.0,1527.0,0.65,ML_Ensemble_v3
2026-11-21,Europe,PRT012,1283.0,1228.0,1453.0,0.78,ML_Ensemble_v3
2026-11-28,Europe,PRT012,1708.0,1604.0,1886.0,0.95,ML_Ensemble_v3
2026-09-12,Europe,PRT013,718.0,692.0,752.0,0.71,ML_Ensemble_v3
2026-09-19,Europe,PRT013,757.0,731.0,901.0,0.83,ML_Ensemble_v3
2026-09-26,Europe,PRT013,782.0,723.0,794.0,0.73,ML_Ensemble_v3
2026-10-03,Europe,PRT013,842.0,826.0,909.0,0.67,ML_Ensemble_v3
2026-10-10,Europe,PRT013,778.0,706.0,789.0,0.87,ML_Ensemble_v3
2026-10-17,Europe,PRT013,875.0,822.0,908.0,0.76,ML_Ensemble_v3
2026-10-24,Europe,PRT013,704.0,622.0,726.0,0.95,ML_Ensemble_v3
2026-10-31,Europe,PRT013,657.0,529.0,737.0,0.67,ML_Ensemble_v3
2026-11-07,Europe,PRT013,810.0,659.0,914.0,0.76,ML_Ensemble_v3
2026-11-14,Europe,PRT013,798.0,682.0,937.0,0.72,ML_Ensemble_v3
2026-11-21,Europe,PRT013,892.0,781.0,910.0,0.93,ML_Ensemble_v3
2026-11-28,Europe,PRT013,765.0,724.0,812.0,0.9,ML_Ensemble_v3
2026-09-12,Europe,PRT014,873.0,795.0,979.0,0.92,ML_Ensemble_v3
2026-09-19,Europe,PRT014,1001.0,990.0,1078.0,0.75,ML_Ensemble_v3
2026-09-26,Europe,PRT014,1019.0,936.0,1192.0,0.79,ML_Ensemble_v3
2026-10-03,Europe,PRT014,757.0,607.0,835.0,0.7,ML_Ensemble_v3
2026-10-10,Europe,PRT014,1113.0,902.0,1275.0,0.94,ML_Ensemble_v3
2026-10-17,Europe,PRT014,1117.0,949.0,1253.0,0.86,ML_Ensemble_v3
2026-10-24,Europe,PRT014,1175.0,1058.0,1240.0,0.78,ML_Ensemble_v3
2026-10-31,Europe,PRT014,1338.0,1306.0,1556.0,0.74,ML_Ensemble_v3
2026-11-07,Europe,PRT014,1194.0,1030.0,1215.0,0.67,ML_Ensemble_v3
2026-11-14,Europe,PRT014,864.0,854.0,892.0,0.67,ML_Ensemble_v3
2026-11-21,Europe,PRT014,1039.0,1013.0,1239.0,0.78,ML_Ensemble_v3
2026-11-28,Europe,PRT014,917.0,867.0,1005.0,0.8,ML_Ensemble_v3
2026-09-12,Europe,PRT015,2232.0,2060.0,2638.0,0.87,ML_Ensemble_v3
2026-09-19,Europe,PRT015,1799.0,1692.0,2069.0,0.72,ML_Ensemble_v3
2026-09-26,Europe,PRT015,1970.0,1923.0,2178.0,0.83,ML_Ensemble_v3
2026-10-03,Europe,PRT015,1514.0,1503.0,1718.0,0.91,ML_Ensemble_v3
2026-10-10,Europe,PRT015,1849.0,1790.0,2039.0,0.94,ML_Ensemble_v3
2026-10-17,Europe,PRT015,1980.0,1734.0,2128.0,0.68,ML_Ensemble_v3
2026-10-24,Europe,PRT015,2137.0,2037.0,2187.0,0.74,ML_Ensemble_v3
2026-10-31,Europe,PRT015,1919.0,1617.0,2202.0,0.82,ML_Ensemble_v3
2026-11-07,Europe,PRT015,2067.0,1919.0,2408.0,0.66,ML_Ensemble_v3
2026-11-14,Europe,PRT015,2174.0,2008.0,2386.0,0.76,ML_Ensemble_v3
2026-11-21,Europe,PRT015,1868.0,1496.0,2200.0,0.71,ML_Ensemble_v3
2026-11-28,Europe,PRT015,1883.0,1545.0,2068.0,0.68,ML_Ensemble_v3
2026-09-12,Europe,PRT016,1109.0,921.0,1254.0,0.72,ML_Ensemble_v3
2026-09-19,Europe,PRT016,1124.0,966.0,1220.0,0.7,ML_Ensemble_v3
2026-09-26,Europe,PRT016,1099.0,1064.0,1134.0,0.76,ML_Ensemble_v3
2026-10-03,Europe,PRT016,1032.0,900.0,1212.0,0.71,ML_Ensemble_v3
2026-10-10,Europe,PRT016,1092.0,1036.0,1288.0,0.7,ML_Ensemble_v3
2026-10-17,Europe,PRT016,1103.0,988.0,1250.0,0.73,ML_Ensemble_v3
2026-10-24,Europe,PRT016,979.0,923.0,1043.0,0.88,ML_Ensemble_v3
2026-10-31,Europe,PRT016,1171.0,1054.0,1388.0,0.9,ML_Ensemble_v3
2026-11-07,Europe,PRT016,1027.0,826.0,1059.0,0.8,ML_Ensemble_v3
2026-11-14,Europe,PRT016,1141.0,967.0,1296.0,0.75,ML_Ensemble_v3
2026-11-21,Europe,PRT016,1262.0,1083.0,1384.0,0.88,ML_Ensemble_v3
2026-11-28,Europe,PRT016,1048.0,871.0,1155.0,0.72,ML_Ensemble_v3
2026-09-12,Europe,PRT017,1886.0,1818.0,1960.0,0.86,ML_Ensemble_v3
2026-09-19,Europe,PRT017,1184.0,1113.0,1303.0,0.7,ML_Ensemble_v3
2026-09-26,Europe,PRT017,1770.0,1497.0,1816.0,0.66,ML_Ensemble_v3
2026-10-03,Europe,PRT017,1562.0,1540.0,1695.0,0.83,ML_Ensemble_v3
2026-10-10,Europe,PRT017,1603.0,1380.0,1806.0,0.72,ML_Ensemble_v3
2026-10-17,Europe,PRT017,1586.0,1421.0,1747.0,0.84,ML_Ensemble_v3
2026-10-24,Europe,PRT017,1515.0,1319.0,1642.0,0.75,ML_Ensemble_v3
2026-10-31,Europe,PRT017,1661.0,1343.0,1679.0,0.87,ML_Ensemble_v3
2026-11-07,Europe,PRT017,1633.0,1340.0,1694.0,0.93,ML_Ensemble_v3
2026-11-14,Europe,PRT017,1733.0,1492.0,1766.0,0.65,ML_Ensemble_v3
2026-11-21,Europe,PRT017,1266.0,1201.0,1358.0,0.88,ML_Ensemble_v3
2026-11-28,Europe,PRT017,1476.0,1291.0,1669.0,0.71,ML_Ensemble_v3
2026-09-12,Europe,PRT018,863.0,711.0,964.0,0.92,ML_Ensemble_v3
2026-09-19,Europe,PRT018,804.0,674.0,917.0,0.93,ML_Ensemble_v3
2026-09-26,Europe,PRT018,924.0,873.0,1106.0,0.71,ML_Ensemble_v3
2026-10-03,Europe,PRT018,886.0,717.0,920.0,0.82,ML_Ensemble_v3
2026-10-10,Europe,PRT018,843.0,827.0,1007.0,0.92,ML_Ensemble_v3
2026-10-17,Europe,PRT018,1005.0,948.0,1188.0,0.67,ML_Ensemble_v3
2026-10-24,Europe,PRT018,671.0,540.0,752.0,0.86,ML_Ensemble_v3
2026-10-31,Europe,PRT018,916.0,741.0,1019.0,0.89,ML_Ensemble_v3
2026-11-07,Europe,PRT018,789.0,739.0,926.0,0.94,ML_Ensemble_v3
2026-11-14,Europe,PRT018,694.0,660.0,748.0,0.88,ML_Ensemble_v3
2026-11-21,Europe,PRT018,769.0,640.0,802.0,0.86,ML_Ensemble_v3
2026-11-28,Europe,PRT018,914.0,876.0,997.0,0.86,ML_Ensemble_v3
2026-09-12,Europe,PRT019,1072.0,976.0,1109.0,0.66,ML_Ensemble_v3
2026-09-19,Europe,PRT019,1170.0,945.0,1205.0,0.92,ML_Ensemble_v3
2026-09-26,Europe,PRT019,1183.0,1098.0,1242.0,0.9,ML_Ensemble_v3
2026-10-03,Europe,PRT019,1064.0,852.0,1138.0,0.83,ML_Ensemble_v3
2026-10-10,Europe,PRT019,1078.0,981.0,1234.0,0.77,ML_Ensemble_v3
2026-10-17,Europe,PRT019,1143.0,988.0,1156.0,0.89,ML_Ensemble_v3
2026-10-24,Europe,PRT019,1161.0,970.0,1386.0,0.81,ML_Ensemble_v3
2026-10-31,Europe,PRT019,1063.0,1015.0,1228.0,0.68,ML_Ensemble_v3
2026-11-07,Europe,PRT019,1115.0,1086.0,1257.0,0.82,ML_Ensemble_v3
2026-11-14,Europe,PRT019,1023.0,864.0,1078.0,0.82,ML_Ensemble_v3
2026-11-21,Europe,PRT019,1154.0,976.0,1321.0,0.76,ML_Ensemble_v3
2026-11-28,Europe,PRT019,974.0,797.0,1009.0,0.71,ML_Ensemble_v3
2026-09-12,Europe,PRT020,1814.0,1686.0,1822.0,0.7,ML_Ensemble_v3
2026-09-19,Europe,PRT020,1925.0,1692.0,2159.0,0.67,ML_Ensemble_v3
2026-09-26,Europe,PRT020,1864.0,1853.0,1902.0,0.81,ML_Ensemble_v3
2026-10-03,Europe,PRT020,1805.0,1735.0,2023.0,0.76,ML_Ensemble_v3
2026-10-10,Europe,PRT020,2075.0,1927.0,2093.0,0.72,ML_Ensemble_v3
2026-10-17,Europe,PRT020,1774.0,1470.0,1996.0,0.65,ML_Ensemble_v3
2026-10-24,Europe,PRT020,2158.0,2044.0,2304.0,0.86,ML_Ensemble_v3
2026-10-31,Europe,PRT020,1643.0,1472.0,1828.0,0.78,ML_Ensemble_v3
2026-11-07,Europe,PRT020,1812.0,1470.0,2063.0,0.84,ML_Ensemble_v3
2026-11-14,Europe,PRT020,1862.0,1796.0,1900.0,0.74,ML_Ensemble_v3
2026-11-21,Europe,PRT020,1398.0,1374.0,1405.0,0.78,ML_Ensemble_v3
2026-11-28,Europe,PRT020,1704.0,1586.0,1781.0,0.91,ML_Ensemble_v3
2026-09-12,Asia Pacific,PRT001,946.0,789.0,967.0,0.68,ML_Ensemble_v3
2026-09-19,Asia Pacific,PRT001,733.0,639.0,823.0,0.69,ML_Ensemble_v3
2026-09-26,Asia Pacific,PRT001,1005.0,926.0,1041.0,0.81,ML_Ensemble_v3
2026-10-03,Asia Pacific,PRT001,751.0,703.0,774.0,0.85,ML_Ensemble_v3
2026-10-10,Asia Pacific,PRT001,784.0,643.0,928.0,0.85,ML_Ensemble_v3
2026-10-17,Asia Pacific,PRT001,999.0,961.0,1141.0,0.67,ML_Ensemble_v3
2026-10-24,Asia Pacific,PRT001,1019.0,948.0,1084.0,0.77,ML_Ensemble_v3
2026-10-31,Asia Pacific,PRT001,855.0,818.0,937.0,0.67,ML_Ensemble_v3
2026-11-07,Asia Pacific,PRT001,645.0,527.0,773.0,0.7,ML_Ensemble_v3
2026-11-14,Asia Pacific,PRT001,738.0,638.0,801.0,0.86,ML_Ensemble_v3
2026-11-21,Asia Pacific,PRT001,708.0,680.0,800.0,0.72,ML_Ensemble_v3
2026-11-28,Asia Pacific,PRT001,917.0,825.0,1015.0,0.81,ML_Ensemble_v3
2026-09-12,Asia Pacific,PRT002,1497.0,1370.0,1704.0,0.87,ML_Ensemble_v3
2026-09-19,Asia Pacific,PRT002,1809.0,1532.0,1810.0,0.95,ML_Ensemble_v3
2026-09-26,Asia Pacific,PRT002,1881.0,1851.0,1904.0,0.75,ML_Ensemble_v3
2026-10-03,Asia Pacific,PRT002,1695.0,1650.0,1973.0,0.74,ML_Ensemble_v3
2026-10-10,Asia Pacific,PRT002,1881.0,1848.0,1972.0,0.9,ML_Ensemble_v3
2026-10-17,Asia Pacific,PRT002,1909.0,1580.0,2276.0,0.86,ML_Ensemble_v3
2026-10-24,Asia Pacific,PRT002,1662.0,1453.0,1895.0,0.85,ML_Ensemble_v3
2026-10-31,Asia Pacific,PRT002,1677.0,1622.0,1969.0,0.66,ML_Ensemble_v3
2026-11-07,Asia Pacific,PRT002,1604.0,1466.0,1865.0,0.69,ML_Ensemble_v3
2026-11-14,Asia Pacific,PRT002,1705.0,1617.0,1960.0,0.86,ML_Ensemble_v3
2026-11-21,Asia Pacific,PRT002,1612.0,1541.0,1836.0,0.74,ML_Ensemble_v3
2026-11-28,Asia Pacific,PRT002,1813.0,1770.0,1825.0,0.88,ML_Ensemble_v3
2026-09-12,Asia Pacific,PRT003,1256.0,1224.0,1395.0,0.9,ML_Ensemble_v3
2026-09-19,Asia Pacific,PRT003,1074.0,967.0,1227.0,0.78,ML_Ensemble_v3
2026-09-26,Asia Pacific,PRT003,1217.0,1211.0,1247.0,0.71,ML_Ensemble_v3
2026-10-03,Asia Pacific,PRT003,1300.0,1097.0,1348.0,0.87,ML_Ensemble_v3
2026-10-10,Asia Pacific,PRT003,882.0,788.0,937.0,0.84,ML_Ensemble_v3
2026-10-17,Asia Pacific,PRT003,1001.0,834.0,1162.0,0.84,ML_Ensemble_v3
2026-10-24,Asia Pacific,PRT003,1065.0,980.0,1245.0,0.66,ML_Ensemble_v3
2026-10-31,Asia Pacific,PRT003,1104.0,1002.0,1118.0,0.83,ML_Ensemble_v3
2026-11-07,Asia Pacific,PRT003,1075.0,997.0,1082.0,0.73,ML_Ensemble_v3
2026-11-14,Asia Pacific,PRT003,1009.0,921.0,1123.0,0.89,ML_Ensemble_v3
2026-11-21,Asia Pacific,PRT003,1190.0,954.0,1275.0,0.73,ML_Ensemble_v3
2026-11-28,Asia Pacific,PRT003,1091.0,915.0,1255.0,0.87,ML_Ensemble_v3
2026-09-12,Asia Pacific,PRT004,1924.0,1825.0,1963.0,0.89,ML_Ensemble_v3
2026-09-19,Asia Pacific,PRT004,1865.0,1711.0,2007.0,0.83,ML_Ensemble_v3
2026-09-26,Asia Pacific,PRT004,2045.0,1825.0,2407.0,0.68,ML_Ensemble_v3
2026-10-03,Asia Pacific,PRT004,1830.0,1788.0,2126.0,0.85,ML_Ensemble_v3
2026-10-10,Asia Pacific,PRT004,1983.0,1791.0,2272.0,0.85,ML_Ensemble_v3
2026-10-17,Asia Pacific,PRT004,1858.0,1613.0,2150.0,0.75,ML_Ensemble_v3
2026-10-24,Asia Pacific,PRT004,1711.0,1674.0,1976.0,0.77,ML_Ensemble_v3
2026-10-31,Asia Pacific,PRT004,2242.0,2067.0,2276.0,0.7,ML_Ensemble_v3
2026-11-07,Asia Pacific,PRT004,1820.0,1508.0,2137.0,0.81,ML_Ensemble_v3
2026-11-14,Asia Pacific,PRT004,1829.0,1749.0,1861.0,0.68,ML_Ensemble_v3
2026-11-21,Asia Pacific,PRT004,1764.0,1510.0,1893.0,0.68,ML_Ensemble_v3
2026-11-28,Asia Pacific,PRT004,2361.0,2253.0,2483.0,0.79,ML_Ensemble_v3
2026-09-12,Asia Pacific,PRT005,647.0,534.0,721.0,0.66,ML_Ensemble_v3
2026-09-19,Asia Pacific,PRT005,531.0,467.0,622.0,0.93,ML_Ensemble_v3
2026-09-26,Asia Pacific,PRT005,633.0,627.0,680.0,0.85,ML_Ensemble_v3
2026-10-03,Asia Pacific,PRT005,632.0,539.0,742.0,0.85,ML_Ensemble_v3
2026-10-10,Asia Pacific,PRT005,538.0,457.0,626.0,0.65,ML_Ensemble_v3
2026-10-17,Asia Pacific,PRT005,548.0,471.0,566.0,0.77,ML_Ensemble_v3
2026-10-24,Asia Pacific,PRT005,646.0,529.0,706.0,0.84,ML_Ensemble_v3
2026-10-31,Asia Pacific,PRT005,642.0,574.0,653.0,0.87,ML_Ensemble_v3
2026-11-07,Asia Pacific,PRT005,729.0,612.0,777.0,0.75,ML_Ensemble_v3
2026-11-14,Asia Pacific,PRT005,565.0,507.0,645.0,0.79,ML_Ensemble_v3
2026-11-21,Asia Pacific,PRT005,574.0,514.0,648.0,0.75,ML_Ensemble_v3
2026-11-28,Asia Pacific,PRT005,583.0,536.0,627.0,0.93,ML_Ensemble_v3
2026-09-12,Asia Pacific,PRT006,706.0,688.0,841.0,0.86,ML_Ensemble_v3
2026-09-19,Asia Pacific,PRT006,825.0,765.0,838.0,0.67,ML_Ensemble_v3
2026-09-26,Asia Pacific,PRT006,738.0,719.0,815.0,0.85,ML_Ensemble_v3
2026-10-03,Asia Pacific,PRT006,823.0,796.0,839.0,0.92,ML_Ensemble_v3
2026-10-10,Asia Pacific,PRT006,712.0,619.0,771.0,0.79,ML_Ensemble_v3
2026-10-17,Asia Pacific,PRT006,911.0,758.0,1038.0,0.76,ML_Ensemble_v3
2026-10-24,Asia Pacific,PRT006,748.0,715.0,837.0,0.67,ML_Ensemble_v3
2026-10-31,Asia Pacific,PRT006,732.0,676.0,780.0,0.95,ML_Ensemble_v3
2026-11-07,Asia Pacific,PRT006,932.0,805.0,960.0,0.79,ML_Ensemble_v3
2026-11-14,Asia Pacific,PRT006,730.0,710.0,746.0,0.94,ML_Ensemble_v3
2026-11-21,Asia Pacific,PRT006,688.0,612.0,802.0,0.69,ML_Ensemble_v3
2026-11-28,Asia Pacific,PRT006,852.0,847.0,869.0,0.72,ML_Ensemble_v3
2026-09-12,Asia Pacific,PRT007,1744.0,1527.0,1866.0,0.94,ML_Ensemble_v3
2026-09-19,Asia Pacific,PRT007,2083.0,1907.0,2089.0,0.89,ML_Ensemble_v3
2026-09-26,Asia Pacific,PRT007,2379.0,2316.0,2711.0,0.84,ML_Ensemble_v3
2026-10-03,Asia Pacific,PRT007,2006.0,1770.0,2147.0,0.81,ML_Ensemble_v3
2026-10-10,Asia Pacific,PRT007,1625.0,1357.0,1764.0,0.7,ML_Ensemble_v3
2026-10-17,Asia Pacific,PRT007,1923.0,1747.0,2069.0,0.9,ML_Ensemble_v3
2026-10-24,Asia Pacific,PRT007,1881.0,1738.0,2229.0,0.91,ML_Ensemble_v3
2026-10-31,Asia Pacific,PRT007,1800.0,1730.0,1838.0,0.84,ML_Ensemble_v3
2026-11-07,Asia Pacific,PRT007,1822.0,1731.0,2159.0,0.68,ML_Ensemble_v3
2026-11-14,Asia Pacific,PRT007,1836.0,1682.0,1847.0,0.74,ML_Ensemble_v3
2026-11-21,Asia Pacific,PRT007,1850.0,1621.0,1922.0,0.79,ML_Ensemble_v3
2026-11-28,Asia Pacific,PRT007,2014.0,2001.0,2383.0,0.77,ML_Ensemble_v3
2026-09-12,Asia Pacific,PRT008,1581.0,1383.0,1652.0,0.74,ML_Ensemble_v3
2026-09-19,Asia Pacific,PRT008,1402.0,1195.0,1637.0,0.89,ML_Ensemble_v3
2026-09-26,Asia Pacific,PRT008,1561.0,1379.0,1566.0,0.7,ML_Ensemble_v3
2026-10-03,Asia Pacific,PRT008,1724.0,1660.0,2006.0,0.83,ML_Ensemble_v3
2026-10-10,Asia Pacific,PRT008,1465.0,1243.0,1750.0,0.71,ML_Ensemble_v3
2026-10-17,Asia Pacific,PRT008,2032.0,1963.0,2358.0,0.82,ML_Ensemble_v3
2026-10-24,Asia Pacific,PRT008,1851.0,1545.0,2185.0,0.81,ML_Ensemble_v3
2026-10-31,Asia Pacific,PRT008,1837.0,1506.0,2131.0,0.8,ML_Ensemble_v3
2026-11-07,Asia Pacific,PRT008,1493.0,1382.0,1571.0,0.82,ML_Ensemble_v3
2026-11-14,Asia Pacific,PRT008,1487.0,1250.0,1515.0,0.78,ML_Ensemble_v3
2026-11-21,Asia Pacific,PRT008,1487.0,1400.0,1761.0,0.67,ML_Ensemble_v3
2026-11-28,Asia Pacific,PRT008,1505.0,1428.0,1544.0,0.79,ML_Ensemble_v3
2026-09-12,Asia Pacific,PRT009,1239.0,1065.0,1372.0,0.72,ML_Ensemble_v3
2026-09-19,Asia Pacific,PRT009,1378.0,1319.0,1591.0,0.85,ML_Ensemble_v3
2026-09-26,Asia Pacific,PRT009,1257.0,1166.0,1403.0,0.68,ML_Ensemble_v3
2026-10-03,Asia Pacific,PRT009,1604.0,1474.0,1638.0,0.73,ML_Ensemble_v3
2026-10-10,Asia Pacific,PRT009,1351.0,1178.0,1577.0,0.77,ML_Ensemble_v3
2026-10-17,Asia Pacific,PRT009,1272.0,1023.0,1290.0,0.94,ML_Ensemble_v3
2026-10-24,Asia Pacific,PRT009,1479.0,1276.0,1748.0,0.89,ML_Ensemble_v3
2026-10-31,Asia Pacific,PRT009,1386.0,1112.0,1436.0,0.82,ML_Ensemble_v3
2026-11-07,Asia Pacific,PRT009,1313.0,1311.0,1440.0,0.83,ML_Ensemble_v3
2026-11-14,Asia Pacific,PRT009,1296.0,1078.0,1488.0,0.93,ML_Ensemble_v3
2026-11-21,Asia Pacific,PRT009,1293.0,1166.0,1332.0,0.91,ML_Ensemble_v3
2026-11-28,Asia Pacific,PRT009,1317.0,1110.0,1403.0,0.72,ML_Ensemble_v3
2026-09-12,Asia Pacific,PRT010,1591.0,1577.0,1702.0,0.82,ML_Ensemble_v3
2026-09-19,Asia Pacific,PRT010,1440.0,1366.0,1582.0,0.8,ML_Ensemble_v3
2026-09-26,Asia Pacific,PRT010,1403.0,1315.0,1651.0,0.73,ML_Ensemble_v3
2026-10-03,Asia Pacific,PRT010,1542.0,1414.0,1778.0,0.74,ML_Ensemble_v3
2026-10-10,Asia Pacific,PRT010,1589.0,1552.0,1724.0,0.87,ML_Ensemble_v3
2026-10-17,Asia Pacific,PRT010,1148.0,1061.0,1287.0,0.78,ML_Ensemble_v3
2026-10-24,Asia Pacific,PRT010,1366.0,1111.0,1412.0,0.66,ML_Ensemble_v3
2026-10-31,Asia Pacific,PRT010,1435.0,1316.0,1519.0,0.9,ML_Ensemble_v3
2026-11-07,Asia Pacific,PRT010,1251.0,1008.0,1296.0,0.75,ML_Ensemble_v3
2026-11-14,Asia Pacific,PRT010,1211.0,1055.0,1228.0,0.85,ML_Ensemble_v3
2026-11-21,Asia Pacific,PRT010,1292.0,1116.0,1295.0,0.75,ML_Ensemble_v3
2026-11-28,Asia Pacific,PRT010,1682.0,1613.0,1985.0,0.82,ML_Ensemble_v3
2026-09-12,Asia Pacific,PRT011,751.0,642.0,842.0,0.92,ML_Ensemble_v3
2026-09-19,Asia Pacific,PRT011,776.0,632.0,914.0,0.78,ML_Ensemble_v3
2026-09-26,Asia Pacific,PRT011,836.0,702.0,970.0,0.8,ML_Ensemble_v3
2026-10-03,Asia Pacific,PRT011,775.0,685.0,794.0,0.7,ML_Ensemble_v3
2026-10-10,Asia Pacific,PRT011,803.0,688.0,906.0,0.91,ML_Ensemble_v3
2026-10-17,Asia Pacific,PRT011,930.0,913.0,983.0,0.9,ML_Ensemble_v3
2026-10-24,Asia Pacific,PRT011,714.0,577.0,806.0,0.67,ML_Ensemble_v3
2026-10-31,Asia Pacific,PRT011,925.0,888.0,1059.0,0.73,ML_Ensemble_v3
2026-11-07,Asia Pacific,PRT011,850.0,733.0,954.0,0.77,ML_Ensemble_v3
2026-11-14,Asia Pacific,PRT011,774.0,690.0,906.0,0.94,ML_Ensemble_v3
2026-11-21,Asia Pacific,PRT011,914.0,737.0,923.0,0.65,ML_Ensemble_v3
2026-11-28,Asia Pacific,PRT011,874.0,756.0,995.0,0.78,ML_Ensemble_v3
2026-09-12,Asia Pacific,PRT012,456.0,447.0,547.0,0.93,ML_Ensemble_v3
2026-09-19,Asia Pacific,PRT012,513.0,437.0,593.0,0.68,ML_Ensemble_v3
2026-09-26,Asia Pacific,PRT012,440.0,406.0,511.0,0.73,ML_Ensemble_v3
2026-10-03,Asia Pacific,PRT012,415.0,344.0,454.0,0.69,ML_Ensemble_v3
2026-10-10,Asia Pacific,PRT012,486.0,483.0,526.0,0.78,ML_Ensemble_v3
2026-10-17,Asia Pacific,PRT012,364.0,329.0,406.0,0.85,ML_Ensemble_v3
2026-10-24,Asia Pacific,PRT012,479.0,405.0,504.0,0.74,ML_Ensemble_v3
2026-10-31,Asia Pacific,PRT012,408.0,372.0,479.0,0.85,ML_Ensemble_v3
2026-11-07,Asia Pacific,PRT012,409.0,407.0,414.0,0.65,ML_Ensemble_v3
2026-11-14,Asia Pacific,PRT012,390.0,376.0,405.0,0.68,ML_Ensemble_v3
2026-11-21,Asia Pacific,PRT012,455.0,442.0,524.0,0.74,ML_Ensemble_v3
2026-11-28,Asia Pacific,PRT012,491.0,408.0,541.0,0.92,ML_Ensemble_v3
2026-09-12,Asia Pacific,PRT013,424.0,383.0,490.0,0.71,ML_Ensemble_v3
2026-09-19,Asia Pacific,PRT013,622.0,518.0,660.0,0.91,ML_Ensemble_v3
2026-09-26,Asia Pacific,PRT013,507.0,481.0,531.0,0.92,ML_Ensemble_v3
2026-10-03,Asia Pacific,PRT013,490.0,395.0,555.0,0.79,ML_Ensemble_v3
2026-10-10,Asia Pacific,PRT013,499.0,442.0,514.0,0.8,ML_Ensemble_v3
2026-10-17,Asia Pacific,PRT013,641.0,520.0,676.0,0.68,ML_Ensemble_v3
2026-10-24,Asia Pacific,PRT013,472.0,405.0,510.0,0.83,ML_Ensemble_v3
2026-10-31,Asia Pacific,PRT013,460.0,414.0,500.0,0.85,ML_Ensemble_v3
2026-11-07,Asia Pacific,PRT013,433.0,351.0,436.0,0.73,ML_Ensemble_v3
2026-11-14,Asia Pacific,PRT013,398.0,327.0,416.0,0.84,ML_Ensemble_v3
2026-11-21,Asia Pacific,PRT013,492.0,466.0,578.0,0.73,ML_Ensemble_v3
2026-11-28,Asia Pacific,PRT013,459.0,440.0,491.0,0.74,ML_Ensemble_v3
2026-09-12,Asia Pacific,PRT014,1227.0,1154.0,1344.0,0.74,ML_Ensemble_v3
2026-09-19,Asia Pacific,PRT014,1183.0,1003.0,1257.0,0.67,ML_Ensemble_v3
2026-09-26,Asia Pacific,PRT014,1332.0,1069.0,1459.0,0.75,ML_Ensemble_v3
2026-10-03,Asia Pacific,PRT014,1475.0,1258.0,1498.0,0.85,ML_Ensemble_v3
2026-10-10,Asia Pacific,PRT014,1352.0,1239.0,1484.0,0.72,ML_Ensemble_v3
2026-10-17,Asia Pacific,PRT014,1095.0,1055.0,1219.0,0.95,ML_Ensemble_v3
2026-10-24,Asia Pacific,PRT014,1305.0,1082.0,1329.0,0.74,ML_Ensemble_v3
2026-10-31,Asia Pacific,PRT014,1126.0,1002.0,1291.0,0.95,ML_Ensemble_v3
2026-11-07,Asia Pacific,PRT014,1231.0,988.0,1318.0,0.86,ML_Ensemble_v3
2026-11-14,Asia Pacific,PRT014,1413.0,1350.0,1656.0,0.92,ML_Ensemble_v3
2026-11-21,Asia Pacific,PRT014,1211.0,1145.0,1216.0,0.94,ML_Ensemble_v3
2026-11-28,Asia Pacific,PRT014,1243.0,1158.0,1278.0,0.8,ML_Ensemble_v3
2026-09-12,Asia Pacific,PRT015,556.0,527.0,577.0,0.94,ML_Ensemble_v3
2026-09-19,Asia Pacific,PRT015,415.0,412.0,488.0,0.85,ML_Ensemble_v3
2026-09-26,Asia Pacific,PRT015,623.0,564.0,656.0,0.85,ML_Ensemble_v3
2026-10-03,Asia Pacific,PRT015,540.0,475.0,586.0,0.95,ML_Ensemble_v3
2026-10-10,Asia Pacific,PRT015,565.0,491.0,634.0,0.78,ML_Ensemble_v3
2026-10-17,Asia Pacific,PRT015,585.0,582.0,678.0,0.74,ML_Ensemble_v3
2026-10-24,Asia Pacific,PRT015,646.0,577.0,666.0,0.94,ML_Ensemble_v3
2026-10-31,Asia Pacific,PRT015,568.0,530.0,603.0,0.74,ML_Ensemble_v3
2026-11-07,Asia Pacific,PRT015,554.0,474.0,619.0,0.67,ML_Ensemble_v3
2026-11-14,Asia Pacific,PRT015,556.0,493.0,629.0,0.65,ML_Ensemble_v3
2026-11-21,Asia Pacific,PRT015,564.0,548.0,639.0,0.88,ML_Ensemble_v3
2026-11-28,Asia Pacific,PRT015,607.0,496.0,639.0,0.95,ML_Ensemble_v3
2026-09-12,Asia Pacific,PRT016,457.0,409.0,489.0,0.89,ML_Ensemble_v3
2026-09-19,Asia Pacific,PRT016,466.0,412.0,557.0,0.68,ML_Ensemble_v3
2026-09-26,Asia Pacific,PRT016,471.0,430.0,535.0,0.75,ML_Ensemble_v3
2026-10-03,Asia Pacific,PRT016,520.0,487.0,541.0,0.69,ML_Ensemble_v3
2026-10-10,Asia Pacific,PRT016,430.0,393.0,484.0,0.81,ML_Ensemble_v3
2026-10-17,Asia Pacific,PRT016,464.0,452.0,504.0,0.69,ML_Ensemble_v3
2026-10-24,Asia Pacific,PRT016,463.0,436.0,506.0,0.78,ML_Ensemble_v3
2026-10-31,Asia Pacific,PRT016,495.0,437.0,498.0,0.82,ML_Ensemble_v3
2026-11-07,Asia Pacific,PRT016,548.0,506.0,581.0,0.72,ML_Ensemble_v3
2026-11-14,Asia Pacific,PRT016,475.0,392.0,527.0,0.82,ML_Ensemble_v3
2026-11-21,Asia Pacific,PRT016,460.0,405.0,460.0,0.89,ML_Ensemble_v3
2026-11-28,Asia Pacific,PRT016,596.0,531.0,602.0,0.67,ML_Ensemble_v3
2026-09-12,Asia Pacific,PRT017,1588.0,1363.0,1741.0,0.75,ML_Ensemble_v3
2026-09-19,Asia Pacific,PRT017,1553.0,1472.0,1763.0,0.87,ML_Ensemble_v3
2026-09-26,Asia Pacific,PRT017,1782.0,1690.0,1959.0,0.72,ML_Ensemble_v3
2026-10-03,Asia Pacific,PRT017,1722.0,1671.0,1826.0,0.74,ML_Ensemble_v3
2026-10-10,Asia Pacific,PRT017,1701.0,1595.0,1740.0,0.65,ML_Ensemble_v3
2026-10-17,Asia Pacific,PRT017,1687.0,1390.0,1719.0,0.71,ML_Ensemble_v3
2026-10-24,Asia Pacific,PRT017,1371.0,1112.0,1404.0,0.77,ML_Ensemble_v3
2026-10-31,Asia Pacific,PRT017,1763.0,1700.0,2060.0,0.81,ML_Ensemble_v3
2026-11-07,Asia Pacific,PRT017,1819.0,1680.0,1977.0,0.84,ML_Ensemble_v3
2026-11-14,Asia Pacific,PRT017,1442.0,1390.0,1632.0,0.7,ML_Ensemble_v3
2026-11-21,Asia Pacific,PRT017,1679.0,1441.0,1903.0,0.94,ML_Ensemble_v3
2026-11-28,Asia Pacific,PRT017,1482.0,1384.0,1598.0,0.86,ML_Ensemble_v3
2026-09-12,Asia Pacific,PRT018,276.0,246.0,307.0,0.65,ML_Ensemble_v3
2026-09-19,Asia Pacific,PRT018,320.0,297.0,377.0,0.84,ML_Ensemble_v3
2026-09-26,Asia Pacific,PRT018,377.0,337.0,432.0,0.73,ML_Ensemble_v3
2026-10-03,Asia Pacific,PRT018,336.0,293.0,394.0,0.8,ML_Ensemble_v3
2026-10-10,Asia Pacific,PRT018,279.0,227.0,316.0,0.76,ML_Ensemble_v3
2026-10-17,Asia Pacific,PRT018,358.0,311.0,409.0,0.89,ML_Ensemble_v3
2026-10-24,Asia Pacific,PRT018,296.0,260.0,350.0,0.84,ML_Ensemble_v3
2026-10-31,Asia Pacific,PRT018,359.0,321.0,406.0,0.82,ML_Ensemble_v3
2026-11-07,Asia Pacific,PRT018,365.0,301.0,388.0,0.94,ML_Ensemble_v3
2026-11-14,Asia Pacific,PRT018,285.0,263.0,308.0,0.66,ML_Ensemble_v3
2026-11-21,Asia Pacific,PRT018,301.0,248.0,358.0,0.79,ML_Ensemble_v3
2026-11-28,Asia Pacific,PRT018,326.0,325.0,379.0,0.87,ML_Ensemble_v3
2026-09-12,Asia Pacific,PRT019,577.0,549.0,626.0,0.67,ML_Ensemble_v3
2026-09-19,Asia Pacific,PRT019,532.0,438.0,622.0,0.67,ML_Ensemble_v3
2026-09-26,Asia Pacific,PRT019,564.0,555.0,600.0,0.86,ML_Ensemble_v3
2026-10-03,Asia Pacific,PRT019,477.0,476.0,531.0,0.71,ML_Ensemble_v3
2026-10-10,Asia Pacific,PRT019,549.0,461.0,566.0,0.89,ML_Ensemble_v3
2026-10-17,Asia Pacific,PRT019,627.0,526.0,700.0,0.84,ML_Ensemble_v3
2026-10-24,Asia Pacific,PRT019,553.0,542.0,593.0,0.77,ML_Ensemble_v3
2026-10-31,Asia Pacific,PRT019,530.0,432.0,550.0,0.87,ML_Ensemble_v3
2026-11-07,Asia Pacific,PRT019,628.0,607.0,700.0,0.79,ML_Ensemble_v3
2026-11-14,Asia Pacific,PRT019,512.0,473.0,569.0,0.69,ML_Ensemble_v3
2026-11-21,Asia Pacific,PRT019,609.0,496.0,618.0,0.88,ML_Ensemble_v3
2026-11-28,Asia Pacific,PRT019,574.0,473.0,601.0,0.83,ML_Ensemble_v3
2026-09-12,Asia Pacific,PRT020,757.0,644.0,863.0,0.67,ML_Ensemble_v3
2026-09-19,Asia Pacific,PRT020,904.0,898.0,917.0,0.82,ML_Ensemble_v3
2026-09-26,Asia Pacific,PRT020,834.0,734.0,843.0,0.86,ML_Ensemble_v3
2026-10-03,Asia Pacific,PRT020,590.0,528.0,699.0,0.73,ML_Ensemble_v3
2026-10-10,Asia Pacific,PRT020,793.0,688.0,914.0,0.69,ML_Ensemble_v3
2026-10-17,Asia Pacific,PRT020,750.0,710.0,889.0,0.85,ML_Ensemble_v3
2026-10-24,Asia Pacific,PRT020,758.0,750.0,896.0,0.86,ML_Ensemble_v3
2026-10-31,Asia Pacific,PRT020,715.0,577.0,856.0,0.93,ML_Ensemble_v3
2026-11-07,Asia Pacific,PRT020,635.0,578.0,756.0,0.73,ML_Ensemble_v3
2026-11-14,Asia Pacific,PRT020,655.0,529.0,722.0,0.85,ML_Ensemble_v3
2026-11-21,Asia Pacific,PRT020,712.0,708.0,715.0,0.67,ML_Ensemble_v3
2026-11-28,Asia Pacific,PRT020,792.0,762.0,877.0,0.91,ML_Ensemble_v3
2026-09-12,South America,PRT001,1382.0,1317.0,1575.0,0.78,ML_Ensemble_v3
2026-09-19,South America,PRT001,1220.0,1010.0,1327.0,0.92,ML_Ensemble_v3
2026-09-26,South America,PRT001,1527.0,1355.0,1545.0,0.72,ML_Ensemble_v3
2026-10-03,South America,PRT001,1387.0,1173.0,1595.0,0.92,ML_Ensemble_v3
2026-10-10,South America,PRT001,1464.0,1175.0,1675.0,0.89,ML_Ensemble_v3
2026-10-17,South America,PRT001,1214.0,1002.0,1258.0,0.66,ML_Ensemble_v3
2026-10-24,South America,PRT001,1275.0,1094.0,1429.0,0.79,ML_Ensemble_v3
2026-10-31,South America,PRT001,1553.0,1266.0,1630.0,0.81,ML_Ensemble_v3
2026-11-07,South America,PRT001,1172.0,1152.0,1224.0,0.86,ML_Ensemble_v3
2026-11-14,South America,PRT001,1444.0,1381.0,1529.0,0.85,ML_Ensemble_v3
2026-11-21,South America,PRT001,1316.0,1185.0,1330.0,0.92,ML_Ensemble_v3
2026-11-28,South America,PRT001,1410.0,1303.0,1488.0,0.71,ML_Ensemble_v3
2026-09-12,South America,PRT002,386.0,325.0,415.0,0.89,ML_Ensemble_v3
2026-09-19,South America,PRT002,356.0,354.0,405.0,0.84,ML_Ensemble_v3
2026-09-26,South America,PRT002,347.0,280.0,366.0,0.77,ML_Ensemble_v3
2026-10-03,South America,PRT002,377.0,308.0,398.0,0.83,ML_Ensemble_v3
2026-10-10,South America,PRT002,291.0,236.0,303.0,0.71,ML_Ensemble_v3
2026-10-17,South America,PRT002,368.0,298.0,390.0,0.81,ML_Ensemble_v3
2026-10-24,South America,PRT002,369.0,361.0,438.0,0.92,ML_Ensemble_v3
2026-10-31,South America,PRT002,393.0,361.0,453.0,0.75,ML_Ensemble_v3
2026-11-07,South America,PRT002,387.0,366.0,444.0,0.67,ML_Ensemble_v3
2026-11-14,South America,PRT002,316.0,277.0,361.0,0.85,ML_Ensemble_v3
2026-11-21,South America,PRT002,427.0,390.0,475.0,0.81,ML_Ensemble_v3
2026-11-28,South America,PRT002,285.0,250.0,328.0,0.93,ML_Ensemble_v3
2026-09-12,South America,PRT003,413.0,338.0,434.0,0.81,ML_Ensemble_v3
2026-09-19,South America,PRT003,357.0,314.0,401.0,0.76,ML_Ensemble_v3
2026-09-26,South America,PRT003,325.0,299.0,333.0,0.82,ML_Ensemble_v3
2026-10-03,South America,PRT003,300.0,256.0,310.0,0.79,ML_Ensemble_v3
2026-10-10,South America,PRT003,333.0,298.0,389.0,0.72,ML_Ensemble_v3
2026-10-17,South America,PRT003,357.0,353.0,377.0,0.83,ML_Ensemble_v3
2026-10-24,South America,PRT003,341.0,325.0,360.0,0.91,ML_Ensemble_v3
2026-10-31,South America,PRT003,355.0,328.0,365.0,0.84,ML_Ensemble_v3
2026-11-07,South America,PRT003,353.0,331.0,414.0,0.82,ML_Ensemble_v3
2026-11-14,South America,PRT003,340.0,321.0,345.0,0.86,ML_Ensemble_v3
2026-11-21,South America,PRT003,377.0,366.0,403.0,0.87,ML_Ensemble_v3
2026-11-28,South America,PRT003,402.0,350.0,408.0,0.78,ML_Ensemble_v3
2026-09-12,South America,PRT004,1079.0,1040.0,1168.0,0.84,ML_Ensemble_v3
2026-09-19,South America,PRT004,1170.0,969.0,1246.0,0.89,ML_Ensemble_v3
2026-09-26,South America,PRT004,1020.0,912.0,1219.0,0.84,ML_Ensemble_v3
2026-10-03,South America,PRT004,1163.0,941.0,1379.0,0.92,ML_Ensemble_v3
2026-10-10,South America,PRT004,1230.0,1110.0,1423.0,0.8,ML_Ensemble_v3
2026-10-17,South America,PRT004,1105.0,960.0,1152.0,0.9,ML_Ensemble_v3
2026-10-24,South America,PRT004,1244.0,1243.0,1263.0,0.67,ML_Ensemble_v3
2026-10-31,South America,PRT004,1138.0,961.0,1252.0,0.82,ML_Ensemble_v3
2026-11-07,South America,PRT004,990.0,959.0,1094.0,0.67,ML_Ensemble_v3
2026-11-14,South America,PRT004,1049.0,950.0,1142.0,0.73,ML_Ensemble_v3
2026-11-21,South America,PRT004,1114.0,945.0,1285.0,0.76,ML_Ensemble_v3
2026-11-28,South America,PRT004,1008.0,957.0,1031.0,0.72,ML_Ensemble_v3
2026-09-12,South America,PRT005,1596.0,1438.0,1887.0,0.85,ML_Ensemble_v3
2026-09-19,South America,PRT005,1398.0,1244.0,1515.0,0.82,ML_Ensemble_v3
2026-09-26,South America,PRT005,1532.0,1463.0,1657.0,0.83,ML_Ensemble_v3
2026-10-03,South America,PRT005,1421.0,1211.0,1502.0,0.74,ML_Ensemble_v3
2026-10-10,South America,PRT005,1648.0,1508.0,1856.0,0.88,ML_Ensemble_v3
2026-10-17,South America,PRT005,1590.0,1551.0,1595.0,0.69,ML_Ensemble_v3
2026-10-24,South America,PRT005,1503.0,1426.0,1541.0,0.66,ML_Ensemble_v3
2026-10-31,South America,PRT005,1689.0,1584.0,2023.0,0.69,ML_Ensemble_v3
2026-11-07,South America,PRT005,1751.0,1525.0,1892.0,0.82,ML_Ensemble_v3
2026-11-14,South America,PRT005,1271.0,1047.0,1499.0,0.92,ML_Ensemble_v3
2026-11-21,South America,PRT005,1368.0,1107.0,1571.0,0.76,ML_Ensemble_v3
2026-11-28,South America,PRT005,1393.0,1228.0,1518.0,0.9,ML_Ensemble_v3
2026-09-12,South America,PRT006,615.0,586.0,728.0,0.93,ML_Ensemble_v3
2026-09-19,South America,PRT006,653.0,640.0,731.0,0.76,ML_Ensemble_v3
2026-09-26,South America,PRT006,614.0,554.0,687.0,0.93,ML_Ensemble_v3
2026-10-03,South America,PRT006,594.0,511.0,635.0,0.82,ML_Ensemble_v3
2026-10-10,South America,PRT006,734.0,650.0,781.0,0.75,ML_Ensemble_v3
2026-10-17,South America,PRT006,594.0,493.0,691.0,0.87,ML_Ensemble_v3
2026-10-24,South America,PRT006,704.0,644.0,791.0,0.68,ML_Ensemble_v3
2026-10-31,South America,PRT006,647.0,533.0,682.0,0.78,ML_Ensemble_v3
2026-11-07,South America,PRT006,725.0,724.0,835.0,0.93,ML_Ensemble_v3
2026-11-14,South America,PRT006,638.0,529.0,665.0,0.9,ML_Ensemble_v3
2026-11-21,South America,PRT006,693.0,688.0,768.0,0.89,ML_Ensemble_v3
2026-11-28,South America,PRT006,613.0,592.0,616.0,0.71,ML_Ensemble_v3
2026-09-12,South America,PRT007,1613.0,1558.0,1708.0,0.68,ML_Ensemble_v3
2026-09-19,South America,PRT007,1760.0,1705.0,1916.0,0.78,ML_Ensemble_v3
2026-09-26,South America,PRT007,1868.0,1768.0,1912.0,0.76,ML_Ensemble_v3
2026-10-03,South America,PRT007,2262.0,2168.0,2591.0,0.75,ML_Ensemble_v3
2026-10-10,South America,PRT007,1747.0,1577.0,2019.0,0.86,ML_Ensemble_v3
2026-10-17,South America,PRT007,1884.0,1855.0,2047.0,0.93,ML_Ensemble_v3
2026-10-24,South America,PRT007,1958.0,1825.0,2302.0,0.66,ML_Ensemble_v3
2026-10-31,South America,PRT007,1748.0,1401.0,1796.0,0.76,ML_Ensemble_v3
2026-11-07,South America,PRT007,2153.0,1788.0,2504.0,0.87,ML_Ensemble_v3
2026-11-14,South America,PRT007,1790.0,1503.0,2104.0,0.94,ML_Ensemble_v3
2026-11-21,South America,PRT007,2066.0,1680.0,2296.0,0.71,ML_Ensemble_v3
2026-11-28,South America,PRT007,1635.0,1445.0,1721.0,0.76,ML_Ensemble_v3
2026-09-12,South America,PRT008,1119.0,936.0,1186.0,0.72,ML_Ensemble_v3
2026-09-19,South America,PRT008,1104.0,990.0,1279.0,0.77,ML_Ensemble_v3
2026-09-26,South America,PRT008,1120.0,922.0,1318.0,0.88,ML_Ensemble_v3
2026-10-03,South America,PRT008,1318.0,1310.0,1403.0,0.85,ML_Ensemble_v3
2026-10-10,South America,PRT008,1311.0,1079.0,1494.0,0.86,ML_Ensemble_v3
2026-10-17,South America,PRT008,1316.0,1181.0,1528.0,0.8,ML_Ensemble_v3
2026-10-24,South America,PRT008,1134.0,1023.0,1336.0,0.88,ML_Ensemble_v3
2026-10-31,South America,PRT008,1245.0,1188.0,1310.0,0.75,ML_Ensemble_v3
2026-11-07,South America,PRT008,1114.0,1095.0,1174.0,0.87,ML_Ensemble_v3
2026-11-14,South America,PRT008,1295.0,1248.0,1375.0,0.77,ML_Ensemble_v3
2026-11-21,South America,PRT008,1138.0,1053.0,1354.0,0.83,ML_Ensemble_v3
2026-11-28,South America,PRT008,1181.0,1087.0,1185.0,0.87,ML_Ensemble_v3
2026-09-12,South America,PRT009,1839.0,1753.0,2042.0,0.85,ML_Ensemble_v3
2026-09-19,South America,PRT009,1763.0,1538.0,1832.0,0.7,ML_Ensemble_v3
2026-09-26,South America,PRT009,1310.0,1258.0,1548.0,0.75,ML_Ensemble_v3
2026-10-03,South America,PRT009,1551.0,1469.0,1843.0,0.66,ML_Ensemble_v3
2026-10-10,South America,PRT009,2002.0,1761.0,2196.0,0.7,ML_Ensemble_v3
2026-10-17,South America,PRT009,1674.0,1416.0,1932.0,0.72,ML_Ensemble_v3
2026-10-24,South America,PRT009,1634.0,1521.0,1677.0,0.87,ML_Ensemble_v3
2026-10-31,South America,PRT009,1706.0,1394.0,1732.0,0.87,ML_Ensemble_v3
2026-11-07,South America,PRT009,1622.0,1567.0,1819.0,0.7,ML_Ensemble_v3
2026-11-14,South America,PRT009,1485.0,1424.0,1543.0,0.83,ML_Ensemble_v3
2026-11-21,South America,PRT009,1586.0,1276.0,1673.0,0.71,ML_Ensemble_v3
2026-11-28,South America,PRT009,1756.0,1635.0,1921.0,0.74,ML_Ensemble_v3
2026-09-12,South America,PRT010,312.0,306.0,345.0,0.72,ML_Ensemble_v3
2026-09-19,South America,PRT010,268.0,241.0,289.0,0.76,ML_Ensemble_v3
2026-09-26,South America,PRT010,263.0,262.0,284.0,0.72,ML_Ensemble_v3
2026-10-03,South America,PRT010,275.0,251.0,310.0,0.75,ML_Ensemble_v3
2026-10-10,South America,PRT010,299.0,249.0,351.0,0.8,ML_Ensemble_v3
2026-10-17,South America,PRT010,205.0,170.0,231.0,0.79,ML_Ensemble_v3
2026-10-24,South America,PRT010,269.0,256.0,282.0,0.74,ML_Ensemble_v3
2026-10-31,South America,PRT010,244.0,203.0,260.0,0.82,ML_Ensemble_v3
2026-11-07,South America,PRT010,297.0,282.0,344.0,0.81,ML_Ensemble_v3
2026-11-14,South America,PRT010,280.0,261.0,298.0,0.86,ML_Ensemble_v3
2026-11-21,South America,PRT010,272.0,222.0,277.0,0.86,ML_Ensemble_v3
2026-11-28,South America,PRT010,279.0,265.0,288.0,0.87,ML_Ensemble_v3
2026-09-12,South America,PRT011,313.0,277.0,324.0,0.89,ML_Ensemble_v3
2026-09-19,South America,PRT011,460.0,437.0,510.0,0.77,ML_Ensemble_v3
2026-09-26,South America,PRT011,403.0,397.0,458.0,0.81,ML_Ensemble_v3
2026-10-03,South America,PRT011,465.0,407.0,526.0,0.69,ML_Ensemble_v3
2026-10-10,South America,PRT011,397.0,374.0,438.0,0.73,ML_Ensemble_v3
2026-10-17,South America,PRT011,418.0,413.0,495.0,0.87,ML_Ensemble_v3
2026-10-24,South America,PRT011,439.0,424.0,440.0,0.77,ML_Ensemble_v3
2026-10-31,South America,PRT011,391.0,318.0,468.0,0.74,ML_Ensemble_v3
2026-11-07,South America,PRT011,454.0,394.0,460.0,0.79,ML_Ensemble_v3
2026-11-14,South America,PRT011,467.0,406.0,519.0,0.72,ML_Ensemble_v3
2026-11-21,South America,PRT011,349.0,337.0,410.0,0.83,ML_Ensemble_v3
2026-11-28,South America,PRT011,348.0,322.0,376.0,0.73,ML_Ensemble_v3
2026-09-12,South America,PRT012,1104.0,1044.0,1165.0,0.73,ML_Ensemble_v3
2026-09-19,South America,PRT012,1088.0,1044.0,1216.0,0.88,ML_Ensemble_v3
2026-09-26,South America,PRT012,1039.0,888.0,1206.0,0.91,ML_Ensemble_v3
2026-10-03,South America,PRT012,1306.0,1168.0,1350.0,0.89,ML_Ensemble_v3
2026-10-10,South America,PRT012,1192.0,988.0,1231.0,0.91,ML_Ensemble_v3
2026-10-17,South America,PRT012,1126.0,1102.0,1138.0,0.8,ML_Ensemble_v3
2026-10-24,South America,PRT012,975.0,877.0,998.0,0.82,ML_Ensemble_v3
2026-10-31,South America,PRT012,1194.0,1047.0,1307.0,0.74,ML_Ensemble_v3
2026-11-07,South America,PRT012,1024.0,992.0,1220.0,0.93,ML_Ensemble_v3
2026-11-14,South America,PRT012,1143.0,1077.0,1335.0,0.82,ML_Ensemble_v3
2026-11-21,South America,PRT012,957.0,873.0,1041.0,0.75,ML_Ensemble_v3
2026-11-28,South America,PRT012,1120.0,978.0,1225.0,0.85,ML_Ensemble_v3
2026-09-12,South America,PRT013,1527.0,1509.0,1644.0,0.7,ML_Ensemble_v3
2026-09-19,South America,PRT013,1673.0,1342.0,1820.0,0.81,ML_Ensemble_v3
2026-09-26,South America,PRT013,1609.0,1406.0,1691.0,0.93,ML_Ensemble_v3
2026-10-03,South America,PRT013,1495.0,1206.0,1578.0,0.79,ML_Ensemble_v3
2026-10-10,South America,PRT013,1703.0,1576.0,2034.0,0.9,ML_Ensemble_v3
2026-10-17,South America,PRT013,1567.0,1544.0,1879.0,0.84,ML_Ensemble_v3
2026-10-24,South America,PRT013,1341.0,1274.0,1558.0,0.66,ML_Ensemble_v3
2026-10-31,South America,PRT013,1482.0,1450.0,1527.0,0.87,ML_Ensemble_v3
2026-11-07,South America,PRT013,1546.0,1498.0,1563.0,0.84,ML_Ensemble_v3
2026-11-14,South America,PRT013,1413.0,1158.0,1567.0,0.95,ML_Ensemble_v3
2026-11-21,South America,PRT013,1536.0,1486.0,1796.0,0.74,ML_Ensemble_v3
2026-11-28,South America,PRT013,1709.0,1677.0,1910.0,0.93,ML_Ensemble_v3
2026-09-12,South America,PRT014,1183.0,1105.0,1199.0,0.9,ML_Ensemble_v3
2026-09-19,South America,PRT014,1042.0,986.0,1060.0,0.78,ML_Ensemble_v3
2026-09-26,South America,PRT014,1073.0,895.0,1233.0,0.9,ML_Ensemble_v3
2026-10-03,South America,PRT014,1146.0,980.0,1227.0,0.75,ML_Ensemble_v3
2026-10-10,South America,PRT014,937.0,836.0,959.0,0.68,ML_Ensemble_v3
2026-10-17,South America,PRT014,1027.0,860.0,1149.0,0.94,ML_Ensemble_v3
2026-10-24,South America,PRT014,1098.0,961.0,1116.0,0.87,ML_Ensemble_v3
2026-10-31,South America,PRT014,890.0,861.0,1004.0,0.92,ML_Ensemble_v3
2026-11-07,South America,PRT014,1138.0,923.0,1299.0,0.7,ML_Ensemble_v3
2026-11-14,South America,PRT014,1241.0,1071.0,1297.0,0.71,ML_Ensemble_v3
2026-11-21,South America,PRT014,1132.0,1063.0,1192.0,0.8,ML_Ensemble_v3
2026-11-28,South America,PRT014,1059.0,921.0,1194.0,0.78,ML_Ensemble_v3
2026-09-12,South America,PRT015,1316.0,1155.0,1458.0,0.71,ML_Ensemble_v3
2026-09-19,South America,PRT015,1271.0,1105.0,1477.0,0.89,ML_Ensemble_v3
2026-09-26,South America,PRT015,1355.0,1309.0,1571.0,0.68,ML_Ensemble_v3
2026-10-03,South America,PRT015,1504.0,1280.0,1644.0,0.66,ML_Ensemble_v3
2026-10-10,South America,PRT015,1439.0,1191.0,1608.0,0.76,ML_Ensemble_v3
2026-10-17,South America,PRT015,1428.0,1311.0,1438.0,0.86,ML_Ensemble_v3
2026-10-24,South America,PRT015,1107.0,979.0,1181.0,0.84,ML_Ensemble_v3
2026-10-31,South America,PRT015,1099.0,1080.0,1167.0,0.79,ML_Ensemble_v3
2026-11-07,South America,PRT015,1339.0,1193.0,1493.0,0.78,ML_Ensemble_v3
2026-11-14,South America,PRT015,1331.0,1287.0,1398.0,0.76,ML_Ensemble_v3
2026-11-21,South America,PRT015,1197.0,1190.0,1407.0,0.88,ML_Ensemble_v3
2026-11-28,South America,PRT015,1513.0,1364.0,1640.0,0.88,ML_Ensemble_v3
2026-09-12,South America,PRT016,1875.0,1846.0,2208.0,0.94,ML_Ensemble_v3
2026-09-19,South America,PRT016,1944.0,1632.0,2322.0,0.88,ML_Ensemble_v3
2026-09-26,South America,PRT016,2040.0,2028.0,2166.0,0.88,ML_Ensemble_v3
2026-10-03,South America,PRT016,2049.0,1827.0,2117.0,0.65,ML_Ensemble_v3
2026-10-10,South America,PRT016,2151.0,1755.0,2252.0,0.71,ML_Ensemble_v3
2026-10-17,South America,PRT016,2223.0,1887.0,2527.0,0.9,ML_Ensemble_v3
2026-10-24,South America,PRT016,1762.0,1575.0,2004.0,0.86,ML_Ensemble_v3
2026-10-31,South America,PRT016,2098.0,1959.0,2447.0,0.86,ML_Ensemble_v3
2026-11-07,South America,PRT016,1911.0,1820.0,1962.0,0.88,ML_Ensemble_v3
2026-11-14,South America,PRT016,1866.0,1798.0,2138.0,0.78,ML_Ensemble_v3
2026-11-21,South America,PRT016,1869.0,1772.0,2088.0,0.72,ML_Ensemble_v3
2026-11-28,South America,PRT016,1983.0,1891.0,2129.0,0.75,ML_Ensemble_v3
2026-09-12,South America,PRT017,1451.0,1348.0,1491.0,0.71,ML_Ensemble_v3
2026-09-19,South America,PRT017,1486.0,1318.0,1587.0,0.85,ML_Ensemble_v3
2026-09-26,South America,PRT017,1544.0,1489.0,1555.0,0.94,ML_Ensemble_v3
2026-10-03,South America,PRT017,1728.0,1439.0,1964.0,0.9,ML_Ensemble_v3
2026-10-10,South America,PRT017,1608.0,1319.0,1885.0,0.89,ML_Ensemble_v3
2026-10-17,South America,PRT017,1670.0,1442.0,1862.0,0.77,ML_Ensemble_v3
2026-10-24,South America,PRT017,1508.0,1328.0,1741.0,0.74,ML_Ensemble_v3
2026-10-31,South America,PRT017,1717.0,1591.0,1924.0,0.89,ML_Ensemble_v3
2026-11-07,South America,PRT017,1522.0,1319.0,1685.0,0.76,ML_Ensemble_v3
2026-11-14,South America,PRT017,1745.0,1738.0,1931.0,0.77,ML_Ensemble_v3
2026-11-21,South America,PRT017,1624.0,1603.0,1816.0,0.71,ML_Ensemble_v3
2026-11-28,South America,PRT017,1620.0,1532.0,1768.0,0.66,ML_Ensemble_v3
2026-09-12,South America,PRT018,688.0,673.0,783.0,0.73,ML_Ensemble_v3
2026-09-19,South America,PRT018,687.0,590.0,799.0,0.81,ML_Ensemble_v3
2026-09-26,South America,PRT018,657.0,569.0,741.0,0.83,ML_Ensemble_v3
2026-10-03,South America,PRT018,691.0,558.0,793.0,0.72,ML_Ensemble_v3
2026-10-10,South America,PRT018,672.0,623.0,730.0,0.73,ML_Ensemble_v3
2026-10-17,South America,PRT018,674.0,632.0,706.0,0.9,ML_Ensemble_v3
2026-10-24,South America,PRT018,698.0,622.0,708.0,0.76,ML_Ensemble_v3
2026-10-31,South America,PRT018,540.0,537.0,608.0,0.91,ML_Ensemble_v3
2026-11-07,South America,PRT018,492.0,485.0,566.0,0.78,ML_Ensemble_v3
2026-11-14,South America,PRT018,739.0,732.0,777.0,0.85,ML_Ensemble_v3
2026-11-21,South America,PRT018,735.0,605.0,763.0,0.73,ML_Ensemble_v3
2026-11-28,South America,PRT018,555.0,501.0,650.0,0.72,ML_Ensemble_v3
2026-09-12,South America,PRT019,1489.0,1321.0,1712.0,0.88,ML_Ensemble_v3
2026-09-19,South America,PRT019,1748.0,1633.0,1959.0,0.92,ML_Ensemble_v3
2026-09-26,South America,PRT019,1563.0,1257.0,1693.0,0.69,ML_Ensemble_v3
2026-10-03,South America,PRT019,1501.0,1381.0,1794.0,0.75,ML_Ensemble_v3
2026-10-10,South America,PRT019,1625.0,1320.0,1718.0,0.86,ML_Ensemble_v3
2026-10-17,South America,PRT019,1667.0,1530.0,1879.0,0.75,ML_Ensemble_v3
2026-10-24,South America,PRT019,1321.0,1146.0,1412.0,0.78,ML_Ensemble_v3
2026-10-31,South America,PRT019,1866.0,1770.0,1945.0,0.86,ML_Ensemble_v3
2026-11-07,South America,PRT019,1546.0,1500.0,1845.0,0.84,ML_Ensemble_v3
2026-11-14,South America,PRT019,1525.0,1326.0,1589.0,0.95,ML_Ensemble_v3
2026-11-21,South America,PRT019,1529.0,1429.0,1538.0,0.84,ML_Ensemble_v3
2026-11-28,South America,PRT019,1707.0,1486.0,1855.0,0.95,ML_Ensemble_v3
2026-09-12,South America,PRT020,163.0,138.0,193.0,0.69,ML_Ensemble_v3
2026-09-19,South America,PRT020,144.0,139.0,146.0,0.72,ML_Ensemble_v3
2026-09-26,South America,PRT020,162.0,135.0,187.0,0.87,ML_Ensemble_v3
2026-10-03,South America,PRT020,146.0,129.0,168.0,0.78,ML_Ensemble_v3
2026-10-10,South America,PRT020,136.0,112.0,160.0,0.94,ML_Ensemble_v3
2026-10-17,South America,PRT020,154.0,133.0,170.0,0.77,ML_Ensemble_v3
2026-10-24,South America,PRT020,163.0,157.0,177.0,0.93,ML_Ensemble_v3
2026-10-31,South America,PRT020,126.0,108.0,140.0,0.75,ML_Ensemble_v3
2026-11-07,South America,PRT020,171.0,150.0,193.0,0.94,ML_Ensemble_v3
2026-11-14,South America,PRT020,154.0,143.0,173.0,0.69,ML_Ensemble_v3
2026-11-21,South America,PRT020,128.0,121.0,152.0,0.75,ML_Ensemble_v3
2026-11-28,South America,PRT020,105.0,96.0,115.0,0.68,ML_Ensemble_v3
