ORDER_ID,LINE_NUM,PART_ID,PLANT_ID,ORDERED_QTY,FULFILLED_QTY,UNIT_PRICE,LINE_STATUS
SO-00000001,1,PRT017,PLT001,74,65,449.50,Partial
SO-00000001,2,PRT002,PLT003,51,51,350.35,Fulfilled
SO-00000001,3,PRT006,PLT001,14,14,45.49,Fulfilled
SO-00000001,4,PRT001,PLT008,244,244,16.13,Fulfilled
SO-00000001,5,PRT009,PLT002,412,412,4.42,Fulfilled
SO-00000002,1,PRT016,PLT004,54,35,7.81,Partial
SO-00000002,2,PRT008,PLT001,373,373,73.36,Fulfilled
SO-00000002,3,PRT020,PLT002,70,46,3.77,Partial
SO-00000002,4,PRT009,PLT006,420,420,4.48,Fulfilled
SO-00000002,5,PRT001,PLT002,259,259,15.88,Fulfilled
SO-00000003,1,PRT014,PLT008,401,401,135.85,Fulfilled
SO-00000003,2,PRT017,PLT007,364,364,393.70,Fulfilled
SO-00000003,3,PRT002,PLT002,55,55,343.00,Fulfilled
SO-00000003,4,PRT005,PLT001,69,69,90.86,Fulfilled
SO-00000005,1,PRT020,PLT002,493,493,3.65,Fulfilled
SO-00000006,1,PRT018,PLT003,269,269,37.47,Fulfilled
SO-00000006,2,PRT012,PLT002,170,170,25.86,Fulfilled
SO-00000006,3,PRT006,PLT002,351,232,41.38,Partial
SO-00000007,1,PRT016,PLT003,417,417,9.09,Fulfilled
SO-00000007,2,PRT010,PLT007,185,185,39.88,Fulfilled
SO-00000008,1,PRT008,PLT007,58,58,72.31,Fulfilled
SO-00000010,1,PRT018,PLT002,290,290,41.60,Fulfilled
SO-00000010,2,PRT003,PLT008,226,149,266.49,Partial
SO-00000010,3,PRT020,PLT006,118,83,3.74,Partial
SO-00000010,4,PRT002,PLT006,431,431,343.00,Fulfilled
SO-00000010,5,PRT019,PLT004,198,174,5.66,Partial
SO-00000011,1,PRT016,PLT008,401,401,8.77,Fulfilled
SO-00000011,2,PRT001,PLT002,217,217,17.63,Fulfilled
SO-00000012,1,PRT005,PLT004,216,216,90.18,Fulfilled
SO-00000012,2,PRT020,PLT002,451,451,3.86,Fulfilled
SO-00000012,3,PRT008,PLT006,101,101,62.36,Fulfilled
SO-00000013,1,PRT019,PLT006,31,31,6.96,Fulfilled
SO-00000013,2,PRT005,PLT006,87,87,92.87,Fulfilled
SO-00000013,3,PRT012,PLT004,271,271,31.38,Fulfilled
SO-00000014,1,PRT018,PLT005,470,470,35.40,Fulfilled
SO-00000014,2,PRT006,PLT008,16,16,46.85,Fulfilled
SO-00000014,3,PRT004,PLT001,479,479,11.46,Fulfilled
SO-00000014,4,PRT003,PLT003,355,355,251.37,Fulfilled
SO-00000016,1,PRT013,PLT004,173,173,49.09,Fulfilled
SO-00000017,1,PRT013,PLT004,368,368,49.50,Fulfilled
SO-00000018,1,PRT012,PLT006,269,167,26.30,Partial
SO-00000018,2,PRT007,PLT007,467,467,20.70,Fulfilled
SO-00000019,1,PRT019,PLT002,314,0,6.34,Open
SO-00000019,2,PRT008,PLT008,51,0,63.93,Open
SO-00000019,3,PRT006,PLT006,290,0,40.01,Open
SO-00000020,1,PRT016,PLT007,444,444,8.58,Fulfilled
SO-00000020,2,PRT001,PLT007,135,135,15.13,Fulfilled
SO-00000020,3,PRT012,PLT004,473,473,32.05,Fulfilled
SO-00000020,4,PRT011,PLT006,349,349,97.34,Fulfilled
SO-00000021,1,PRT005,PLT002,54,54,95.57,Fulfilled
SO-00000021,2,PRT019,PLT002,431,431,6.10,Fulfilled
SO-00000021,3,PRT007,PLT005,140,140,18.17,Fulfilled
SO-00000021,4,PRT007,PLT004,225,225,18.49,Fulfilled
SO-00000022,1,PRT019,PLT006,331,331,5.52,Fulfilled
SO-00000022,2,PRT013,PLT001,66,66,50.34,Fulfilled
SO-00000023,1,PRT010,PLT008,35,35,36.70,Fulfilled
SO-00000023,2,PRT010,PLT004,402,402,39.30,Fulfilled
SO-00000023,3,PRT005,PLT004,187,138,84.80,Partial
SO-00000023,4,PRT016,PLT006,390,390,7.36,Fulfilled
SO-00000023,5,PRT011,PLT003,302,302,101.27,Fulfilled
SO-00000023,6,PRT009,PLT007,154,154,4.51,Fulfilled
SO-00000023,7,PRT016,PLT002,99,99,7.49,Fulfilled
SO-00000023,8,PRT009,PLT006,316,316,4.48,Fulfilled
SO-00000025,1,PRT008,PLT008,84,84,69.17,Fulfilled
SO-00000025,2,PRT002,PLT003,291,291,316.05,Fulfilled
SO-00000025,3,PRT001,PLT001,466,466,16.25,Fulfilled
SO-00000026,1,PRT016,PLT005,165,165,8.26,Fulfilled
SO-00000027,1,PRT014,PLT001,29,29,127.30,Fulfilled
SO-00000027,2,PRT005,PLT001,143,143,94.22,Fulfilled
SO-00000027,3,PRT020,PLT004,213,213,3.48,Fulfilled
SO-00000027,4,PRT009,PLT006,298,241,4.29,Partial
SO-00000027,5,PRT016,PLT002,305,241,9.02,Partial
SO-00000027,6,PRT014,PLT003,88,88,109.25,Fulfilled
SO-00000028,1,PRT014,PLT005,156,0,131.10,Open
SO-00000028,2,PRT009,PLT007,422,0,3.94,Open
SO-00000028,3,PRT009,PLT001,367,0,4.64,Open
SO-00000029,1,PRT016,PLT004,422,0,9.09,Open
SO-00000029,2,PRT020,PLT008,21,0,3.94,Open
SO-00000029,3,PRT001,PLT005,436,0,14.63,Open
SO-00000029,4,PRT011,PLT001,52,0,110.69,Open
SO-00000031,1,PRT020,PLT003,388,388,3.63,Fulfilled
SO-00000031,2,PRT016,PLT008,307,307,8.38,Fulfilled
SO-00000031,3,PRT013,PLT008,268,268,58.24,Fulfilled
SO-00000032,1,PRT003,PLT007,291,291,243.81,Fulfilled
SO-00000032,2,PRT012,PLT008,484,484,27.85,Fulfilled
SO-00000033,1,PRT008,PLT006,139,139,67.07,Fulfilled
SO-00000033,2,PRT007,PLT007,389,389,21.65,Fulfilled
SO-00000034,1,PRT019,PLT001,79,79,6.86,Fulfilled
SO-00000034,2,PRT003,PLT008,183,183,247.59,Fulfilled
SO-00000034,3,PRT018,PLT006,52,52,41.30,Fulfilled
SO-00000035,1,PRT017,PLT001,225,225,356.50,Fulfilled
SO-00000035,2,PRT004,PLT002,335,335,11.64,Fulfilled
SO-00000036,1,PRT016,PLT004,203,203,9.28,Fulfilled
SO-00000037,1,PRT009,PLT006,155,119,3.94,Partial
SO-00000037,2,PRT004,PLT008,261,261,11.99,Fulfilled
SO-00000037,3,PRT011,PLT006,398,259,99.70,Partial
SO-00000037,4,PRT018,PLT004,182,162,40.42,Partial
SO-00000037,5,PRT002,PLT003,494,494,303.80,Fulfilled
SO-00000037,6,PRT014,PLT007,365,365,125.40,Fulfilled
SO-00000038,1,PRT008,PLT001,54,54,75.98,Fulfilled
SO-00000038,2,PRT006,PLT006,286,286,44.80,Fulfilled
SO-00000038,3,PRT014,PLT002,251,251,118.75,Fulfilled
SO-00000038,4,PRT016,PLT008,107,107,9.02,Fulfilled
SO-00000040,1,PRT004,PLT002,167,167,12.16,Fulfilled
SO-00000040,2,PRT014,PLT001,151,151,110.20,Fulfilled
SO-00000041,1,PRT018,PLT008,312,312,40.71,Fulfilled
SO-00000042,1,PRT005,PLT007,102,102,82.78,Fulfilled
SO-00000042,2,PRT013,PLT006,407,407,47.84,Fulfilled
SO-00000042,3,PRT017,PLT007,160,160,381.30,Fulfilled
SO-00000043,1,PRT014,PLT002,341,341,124.45,Fulfilled
SO-00000043,2,PRT001,PLT001,52,52,18.13,Fulfilled
SO-00000044,1,PRT013,PLT005,302,302,51.58,Fulfilled
SO-00000044,2,PRT002,PLT005,227,227,306.25,Fulfilled
SO-00000044,3,PRT011,PLT008,499,499,104.41,Fulfilled
SO-00000045,1,PRT017,PLT002,47,47,406.10,Fulfilled
SO-00000045,2,PRT005,PLT005,117,92,88.16,Partial
SO-00000045,3,PRT014,PLT007,291,291,122.55,Fulfilled
SO-00000046,1,PRT019,PLT002,469,286,6.91,Partial
SO-00000046,2,PRT004,PLT006,222,147,10.68,Partial
SO-00000047,1,PRT016,PLT002,376,252,7.87,Partial
SO-00000048,1,PRT017,PLT007,303,303,449.50,Fulfilled
SO-00000048,2,PRT006,PLT007,235,235,39.67,Fulfilled
SO-00000048,3,PRT012,PLT004,310,233,29.61,Partial
SO-00000048,4,PRT004,PLT008,33,33,12.60,Fulfilled
SO-00000048,5,PRT010,PLT002,198,198,41.04,Fulfilled
SO-00000049,1,PRT011,PLT006,42,42,91.06,Fulfilled
SO-00000049,2,PRT012,PLT003,239,239,32.05,Fulfilled
SO-00000049,3,PRT012,PLT007,255,255,31.38,Fulfilled
SO-00000050,1,PRT002,PLT005,245,245,286.65,Fulfilled
SO-00000050,2,PRT018,PLT004,313,313,35.70,Fulfilled
SO-00000051,1,PRT018,PLT007,52,32,38.06,Partial
SO-00000051,2,PRT016,PLT005,303,303,8.19,Fulfilled
SO-00000051,3,PRT011,PLT008,106,106,103.62,Fulfilled
SO-00000052,1,PRT020,PLT002,41,41,3.65,Fulfilled
SO-00000052,2,PRT005,PLT003,402,402,89.51,Fulfilled
SO-00000053,1,PRT010,PLT005,90,90,37.28,Fulfilled
SO-00000054,1,PRT007,PLT006,289,289,21.17,Fulfilled
SO-00000054,2,PRT010,PLT002,446,446,38.44,Fulfilled
SO-00000054,3,PRT009,PLT005,210,210,3.81,Fulfilled
SO-00000054,4,PRT020,PLT001,110,110,3.51,Fulfilled
SO-00000055,1,PRT015,PLT004,67,0,78.95,Open
SO-00000055,2,PRT017,PLT002,308,0,368.90,Open
SO-00000056,1,PRT014,PLT005,94,94,115.90,Fulfilled
SO-00000057,1,PRT008,PLT002,135,135,69.69,Fulfilled
SO-00000058,1,PRT005,PLT003,425,425,94.89,Fulfilled
SO-00000058,2,PRT012,PLT002,465,465,31.38,Fulfilled
SO-00000058,3,PRT004,PLT005,129,129,11.11,Fulfilled
SO-00000059,1,PRT009,PLT006,157,157,4.54,Fulfilled
SO-00000060,1,PRT017,PLT006,322,322,378.20,Fulfilled
SO-00000060,2,PRT011,PLT006,80,80,103.62,Fulfilled
SO-00000061,1,PRT005,PLT008,337,337,86.82,Fulfilled
SO-00000062,1,PRT009,PLT005,433,0,3.81,Open
SO-00000062,2,PRT003,PLT005,218,0,266.49,Open
SO-00000062,3,PRT004,PLT008,59,0,12.60,Open
SO-00000063,1,PRT016,PLT004,21,21,8.96,Fulfilled
SO-00000063,2,PRT013,PLT003,390,390,47.84,Fulfilled
SO-00000063,3,PRT020,PLT005,74,74,3.51,Fulfilled
SO-00000064,1,PRT006,PLT005,43,43,41.38,Fulfilled
SO-00000066,1,PRT009,PLT005,259,192,4.06,Partial
SO-00000066,2,PRT004,PLT001,403,326,10.76,Partial
SO-00000066,3,PRT011,PLT008,390,390,99.70,Fulfilled
SO-00000067,1,PRT020,PLT001,67,67,3.54,Fulfilled
SO-00000067,2,PRT019,PLT003,363,363,6.62,Fulfilled
SO-00000068,1,PRT017,PLT005,142,142,403.00,Fulfilled
SO-00000068,2,PRT004,PLT003,238,238,11.55,Fulfilled
SO-00000069,1,PRT011,PLT004,461,0,100.48,Cancelled
SO-00000069,2,PRT002,PLT005,411,0,335.65,Cancelled
SO-00000070,1,PRT008,PLT001,109,109,73.36,Fulfilled
SO-00000070,2,PRT005,PLT006,437,437,84.80,Fulfilled
SO-00000070,3,PRT014,PLT006,34,34,128.25,Fulfilled
SO-00000071,1,PRT005,PLT002,436,436,85.47,Fulfilled
SO-00000073,1,PRT004,PLT002,455,455,10.24,Fulfilled
SO-00000073,2,PRT018,PLT004,265,265,35.70,Fulfilled
SO-00000074,1,PRT019,PLT008,337,337,5.71,Fulfilled
SO-00000074,2,PRT012,PLT001,209,209,30.72,Fulfilled
SO-00000074,3,PRT003,PLT007,108,108,249.48,Fulfilled
SO-00000074,4,PRT004,PLT004,439,439,11.55,Fulfilled
SO-00000074,5,PRT017,PLT004,243,219,440.20,Partial
SO-00000075,1,PRT009,PLT008,173,173,3.90,Fulfilled
SO-00000075,2,PRT010,PLT006,366,366,36.70,Fulfilled
SO-00000075,3,PRT013,PLT003,19,19,57.82,Fulfilled
SO-00000075,4,PRT008,PLT002,365,365,71.79,Fulfilled
SO-00000075,5,PRT012,PLT007,491,491,25.42,Fulfilled
SO-00000075,6,PRT004,PLT006,241,241,12.08,Fulfilled
SO-00000076,1,PRT016,PLT007,226,226,7.42,Fulfilled
SO-00000076,2,PRT010,PLT001,102,102,33.81,Fulfilled
SO-00000076,3,PRT019,PLT008,379,379,5.71,Fulfilled
SO-00000077,1,PRT013,PLT002,283,283,56.16,Fulfilled
SO-00000078,1,PRT018,PLT004,257,257,36.58,Fulfilled
SO-00000079,1,PRT005,PLT001,204,204,92.87,Fulfilled
SO-00000079,2,PRT004,PLT008,38,38,10.06,Fulfilled
SO-00000079,3,PRT013,PLT003,444,444,47.84,Fulfilled
SO-00000079,4,PRT016,PLT003,296,296,8.00,Fulfilled
SO-00000079,5,PRT008,PLT001,160,138,63.40,Partial
SO-00000080,1,PRT010,PLT003,37,37,37.86,Fulfilled
SO-00000080,2,PRT006,PLT003,469,469,44.46,Fulfilled
SO-00000081,1,PRT015,PLT002,85,85,80.09,Fulfilled
SO-00000081,2,PRT020,PLT008,489,489,3.71,Fulfilled
SO-00000081,3,PRT012,PLT002,260,164,28.07,Partial
SO-00000081,4,PRT004,PLT001,371,319,11.46,Partial
SO-00000082,1,PRT010,PLT008,247,247,33.81,Fulfilled
SO-00000082,2,PRT017,PLT006,333,216,421.60,Partial
SO-00000082,3,PRT006,PLT008,387,387,42.07,Fulfilled
SO-00000084,1,PRT007,PLT001,446,446,19.91,Fulfilled
SO-00000084,2,PRT016,PLT008,240,240,8.64,Fulfilled
SO-00000084,3,PRT010,PLT003,327,327,36.99,Fulfilled
SO-00000085,1,PRT020,PLT005,157,157,3.57,Fulfilled
SO-00000085,2,PRT019,PLT001,324,266,5.90,Partial
SO-00000086,1,PRT012,PLT003,238,145,27.85,Partial
SO-00000086,2,PRT017,PLT005,181,181,406.10,Fulfilled
SO-00000088,1,PRT011,PLT003,484,484,92.63,Fulfilled
SO-00000088,2,PRT003,PLT008,172,172,260.82,Fulfilled
SO-00000089,1,PRT008,PLT004,289,289,63.40,Fulfilled
SO-00000089,2,PRT019,PLT001,486,486,5.86,Fulfilled
SO-00000090,1,PRT009,PLT008,168,168,4.19,Fulfilled
SO-00000090,2,PRT019,PLT008,424,424,6.34,Fulfilled
SO-00000091,1,PRT004,PLT002,192,192,10.59,Fulfilled
SO-00000091,2,PRT015,PLT001,105,105,69.86,Fulfilled
SO-00000092,1,PRT011,PLT002,279,279,113.04,Fulfilled
SO-00000092,2,PRT009,PLT007,192,192,4.00,Fulfilled
SO-00000092,3,PRT014,PLT002,301,301,124.45,Fulfilled
SO-00000093,1,PRT020,PLT003,98,76,3.86,Partial
SO-00000094,1,PRT013,PLT002,197,197,59.49,Fulfilled
SO-00000094,2,PRT012,PLT002,161,161,28.29,Fulfilled
SO-00000096,1,PRT017,PLT002,256,256,446.40,Fulfilled
SO-00000097,1,PRT010,PLT007,116,116,34.68,Fulfilled
SO-00000097,2,PRT004,PLT006,70,70,12.51,Fulfilled
SO-00000097,3,PRT008,PLT001,301,301,74.93,Fulfilled
SO-00000098,1,PRT013,PLT006,379,379,59.07,Fulfilled
SO-00000101,1,PRT011,PLT004,29,29,101.27,Fulfilled
SO-00000101,2,PRT011,PLT002,87,87,99.70,Fulfilled
SO-00000103,1,PRT002,PLT002,274,274,311.15,Fulfilled
SO-00000103,2,PRT009,PLT007,148,148,4.00,Fulfilled
SO-00000103,3,PRT004,PLT007,412,412,11.38,Fulfilled
SO-00000103,4,PRT002,PLT007,165,165,345.45,Fulfilled
SO-00000103,5,PRT003,PLT005,215,215,251.37,Fulfilled
SO-00000103,6,PRT002,PLT004,150,150,303.80,Fulfilled
SO-00000104,1,PRT006,PLT008,41,41,47.54,Fulfilled
SO-00000104,2,PRT012,PLT003,180,180,31.82,Fulfilled
SO-00000105,1,PRT007,PLT004,22,22,19.91,Fulfilled
SO-00000105,2,PRT001,PLT006,291,186,16.75,Partial
SO-00000105,3,PRT012,PLT005,283,283,27.18,Fulfilled
SO-00000105,4,PRT009,PLT005,338,338,3.87,Fulfilled
SO-00000106,1,PRT017,PLT003,238,238,390.60,Fulfilled
SO-00000106,2,PRT019,PLT005,318,318,6.00,Fulfilled
SO-00000106,3,PRT004,PLT006,179,179,12.08,Fulfilled
SO-00000109,1,PRT008,PLT008,422,422,72.84,Fulfilled
SO-00000110,1,PRT017,PLT006,323,323,356.50,Fulfilled
SO-00000110,2,PRT012,PLT004,223,223,31.60,Fulfilled
SO-00000110,3,PRT016,PLT008,364,364,8.38,Fulfilled
SO-00000110,4,PRT003,PLT005,384,384,224.91,Fulfilled
SO-00000110,5,PRT010,PLT003,392,392,41.91,Fulfilled
SO-00000111,1,PRT018,PLT002,100,100,39.83,Fulfilled
SO-00000111,2,PRT010,PLT006,210,210,36.41,Fulfilled
SO-00000112,1,PRT019,PLT002,476,476,5.86,Fulfilled
SO-00000112,2,PRT011,PLT006,73,73,98.13,Fulfilled
SO-00000113,1,PRT001,PLT002,196,196,17.75,Fulfilled
SO-00000114,1,PRT002,PLT004,214,214,340.55,Fulfilled
SO-00000115,1,PRT001,PLT001,386,0,14.38,Cancelled
SO-00000115,2,PRT011,PLT008,394,0,100.48,Cancelled
SO-00000115,3,PRT007,PLT007,461,0,20.07,Cancelled
SO-00000115,4,PRT014,PLT005,172,0,128.25,Cancelled
SO-00000115,5,PRT003,PLT006,271,0,243.81,Cancelled
SO-00000116,1,PRT017,PLT006,18,14,384.40,Partial
SO-00000117,1,PRT003,PLT004,167,167,232.47,Fulfilled
SO-00000118,1,PRT001,PLT007,446,446,14.63,Fulfilled
SO-00000119,1,PRT010,PLT003,474,474,34.39,Fulfilled
SO-00000119,2,PRT006,PLT008,442,442,45.83,Fulfilled
SO-00000120,1,PRT007,PLT006,133,133,19.28,Fulfilled
SO-00000120,2,PRT004,PLT006,416,416,10.15,Fulfilled
SO-00000121,1,PRT017,PLT007,115,115,368.90,Fulfilled
SO-00000121,2,PRT002,PLT002,399,399,306.25,Fulfilled
SO-00000122,1,PRT003,PLT001,391,391,221.13,Fulfilled
SO-00000122,2,PRT016,PLT006,264,264,7.81,Fulfilled
SO-00000122,3,PRT008,PLT008,131,131,68.64,Fulfilled
SO-00000122,4,PRT007,PLT006,364,364,20.54,Fulfilled
SO-00000122,5,PRT010,PLT008,430,430,35.84,Fulfilled
SO-00000122,6,PRT005,PLT005,189,189,85.47,Fulfilled
SO-00000123,1,PRT012,PLT003,440,0,32.05,Cancelled
SO-00000123,2,PRT005,PLT003,57,0,96.24,Cancelled
SO-00000123,3,PRT017,PLT004,486,0,378.20,Cancelled
SO-00000124,1,PRT004,PLT004,315,315,12.51,Fulfilled
SO-00000125,1,PRT012,PLT002,363,0,27.18,Cancelled
SO-00000125,2,PRT009,PLT006,417,0,3.81,Cancelled
SO-00000125,3,PRT012,PLT005,146,0,26.08,Cancelled
SO-00000126,1,PRT004,PLT002,299,299,10.76,Fulfilled
SO-00000126,2,PRT019,PLT004,82,82,6.10,Fulfilled
SO-00000126,3,PRT017,PLT006,263,263,415.40,Fulfilled
SO-00000127,1,PRT007,PLT003,429,429,22.75,Fulfilled
SO-00000128,1,PRT019,PLT004,447,447,5.52,Fulfilled
SO-00000128,2,PRT009,PLT007,366,366,3.68,Fulfilled
SO-00000128,3,PRT018,PLT008,384,242,33.93,Partial
SO-00000129,1,PRT002,PLT002,396,396,316.05,Fulfilled
SO-00000129,2,PRT014,PLT005,265,265,132.05,Fulfilled
SO-00000130,1,PRT007,PLT002,298,298,19.12,Fulfilled
SO-00000130,2,PRT012,PLT003,446,446,31.60,Fulfilled
SO-00000130,3,PRT017,PLT001,393,393,384.40,Fulfilled
SO-00000131,1,PRT003,PLT001,249,249,274.05,Fulfilled
SO-00000132,1,PRT005,PLT002,99,99,77.40,Fulfilled
SO-00000132,2,PRT018,PLT008,349,349,42.78,Fulfilled
SO-00000132,3,PRT006,PLT008,206,206,41.04,Fulfilled
SO-00000133,1,PRT008,PLT006,344,344,67.07,Fulfilled
SO-00000133,2,PRT016,PLT004,244,181,7.55,Partial
SO-00000133,3,PRT016,PLT002,28,28,8.70,Fulfilled
SO-00000133,4,PRT019,PLT002,221,221,5.76,Fulfilled
SO-00000134,1,PRT017,PLT006,19,19,381.30,Fulfilled
SO-00000135,1,PRT019,PLT003,67,67,6.19,Fulfilled
SO-00000135,2,PRT003,PLT004,437,437,243.81,Fulfilled
SO-00000135,3,PRT006,PLT001,223,223,47.88,Fulfilled
SO-00000136,1,PRT006,PLT003,347,347,43.43,Fulfilled
SO-00000137,1,PRT011,PLT006,93,93,110.69,Fulfilled
SO-00000137,2,PRT003,PLT004,207,137,270.27,Partial
SO-00000137,3,PRT001,PLT006,138,138,14.38,Fulfilled
SO-00000138,1,PRT001,PLT001,280,280,14.38,Fulfilled
SO-00000138,2,PRT011,PLT005,465,465,101.27,Fulfilled
SO-00000138,3,PRT020,PLT008,317,317,3.89,Fulfilled
SO-00000139,1,PRT007,PLT007,128,128,18.64,Fulfilled
SO-00000140,1,PRT001,PLT006,150,150,17.25,Fulfilled
SO-00000140,2,PRT018,PLT005,362,362,38.94,Fulfilled
SO-00000141,1,PRT007,PLT008,489,489,20.38,Fulfilled
SO-00000141,2,PRT019,PLT005,57,57,6.43,Fulfilled
SO-00000141,3,PRT013,PLT004,96,96,52.00,Fulfilled
SO-00000141,4,PRT015,PLT003,193,193,79.52,Fulfilled
SO-00000141,5,PRT003,PLT005,38,38,262.71,Fulfilled
SO-00000142,1,PRT018,PLT001,403,403,35.40,Fulfilled
SO-00000142,2,PRT017,PLT007,70,70,412.30,Fulfilled
SO-00000143,1,PRT001,PLT001,119,119,18.00,Fulfilled
SO-00000143,2,PRT009,PLT004,209,209,4.64,Fulfilled
SO-00000144,1,PRT008,PLT003,234,234,69.69,Fulfilled
SO-00000144,2,PRT012,PLT008,283,283,32.05,Fulfilled
SO-00000145,1,PRT020,PLT008,170,170,3.34,Fulfilled
SO-00000146,1,PRT013,PLT006,499,499,55.33,Fulfilled
SO-00000146,2,PRT014,PLT008,81,81,109.25,Fulfilled
SO-00000147,1,PRT016,PLT004,269,269,7.62,Fulfilled
SO-00000147,2,PRT015,PLT004,269,269,82.36,Fulfilled
SO-00000147,3,PRT006,PLT008,137,137,43.43,Fulfilled
SO-00000147,4,PRT017,PLT006,76,76,356.50,Fulfilled
SO-00000149,1,PRT018,PLT005,345,345,35.99,Fulfilled
SO-00000149,2,PRT004,PLT006,140,140,11.55,Fulfilled
SO-00000150,1,PRT001,PLT001,401,401,17.75,Fulfilled
SO-00000151,1,PRT015,PLT006,302,302,73.27,Fulfilled
SO-00000152,1,PRT010,PLT002,356,356,36.70,Fulfilled
SO-00000152,2,PRT019,PLT002,162,162,6.67,Fulfilled
SO-00000152,3,PRT013,PLT001,444,444,53.66,Fulfilled
SO-00000153,1,PRT003,PLT007,496,496,234.36,Fulfilled
SO-00000154,1,PRT002,PLT003,166,166,325.85,Fulfilled
SO-00000154,2,PRT013,PLT004,114,114,57.41,Fulfilled
SO-00000154,3,PRT003,PLT001,234,234,245.70,Fulfilled
SO-00000154,4,PRT017,PLT006,189,189,384.40,Fulfilled
SO-00000155,1,PRT001,PLT001,26,0,18.00,Cancelled
SO-00000155,2,PRT012,PLT003,218,0,30.06,Cancelled
SO-00000156,1,PRT005,PLT003,24,0,85.47,Cancelled
SO-00000156,2,PRT018,PLT004,433,0,41.30,Cancelled
SO-00000157,1,PRT017,PLT004,88,88,378.20,Fulfilled
SO-00000158,1,PRT003,PLT006,173,173,274.05,Fulfilled
SO-00000158,2,PRT002,PLT004,395,395,320.95,Fulfilled
SO-00000158,3,PRT014,PLT007,89,89,112.10,Fulfilled
SO-00000158,4,PRT001,PLT001,234,234,15.25,Fulfilled
SO-00000159,1,PRT006,PLT008,451,451,39.33,Fulfilled
SO-00000160,1,PRT007,PLT008,383,383,19.12,Fulfilled
SO-00000160,2,PRT013,PLT004,412,412,57.82,Fulfilled
SO-00000161,1,PRT011,PLT006,130,114,93.42,Partial
SO-00000161,2,PRT008,PLT005,495,495,68.12,Fulfilled
SO-00000161,3,PRT014,PLT006,88,88,133.00,Fulfilled
SO-00000162,1,PRT013,PLT003,121,0,56.99,Open
SO-00000162,2,PRT007,PLT008,389,0,19.75,Open
SO-00000162,3,PRT019,PLT008,64,0,6.48,Open
SO-00000162,4,PRT013,PLT007,431,0,48.67,Open
SO-00000163,1,PRT005,PLT002,426,426,81.43,Fulfilled
SO-00000164,1,PRT012,PLT002,204,204,25.86,Fulfilled
SO-00000165,1,PRT011,PLT007,291,262,110.69,Partial
SO-00000165,2,PRT019,PLT005,182,182,6.05,Fulfilled
SO-00000165,3,PRT011,PLT008,325,325,101.27,Fulfilled
SO-00000166,1,PRT010,PLT007,135,135,34.68,Fulfilled
SO-00000166,2,PRT003,PLT006,67,67,262.71,Fulfilled
SO-00000166,3,PRT012,PLT006,370,370,28.95,Fulfilled
SO-00000166,4,PRT020,PLT007,202,202,3.54,Fulfilled
SO-00000167,1,PRT007,PLT004,252,252,22.44,Fulfilled
SO-00000168,1,PRT019,PLT004,415,415,6.82,Fulfilled
SO-00000169,1,PRT020,PLT003,458,458,4.18,Fulfilled
SO-00000169,2,PRT003,PLT003,44,44,249.48,Fulfilled
SO-00000170,1,PRT013,PLT006,460,460,48.67,Fulfilled
SO-00000172,1,PRT009,PLT003,319,319,4.35,Fulfilled
SO-00000172,2,PRT017,PLT007,250,250,440.20,Fulfilled
SO-00000173,1,PRT014,PLT002,105,105,120.65,Fulfilled
SO-00000173,2,PRT012,PLT003,189,189,30.72,Fulfilled
SO-00000174,1,PRT010,PLT002,51,51,34.39,Fulfilled
SO-00000174,2,PRT015,PLT001,275,275,66.46,Fulfilled
SO-00000174,3,PRT006,PLT001,23,23,41.38,Fulfilled
SO-00000176,1,PRT012,PLT004,222,222,28.51,Fulfilled
SO-00000177,1,PRT005,PLT004,28,28,90.18,Fulfilled
SO-00000177,2,PRT007,PLT005,34,34,21.33,Fulfilled
SO-00000178,1,PRT003,PLT004,158,136,236.25,Partial
SO-00000178,2,PRT006,PLT001,309,309,48.56,Fulfilled
SO-00000179,1,PRT017,PLT003,430,430,409.20,Fulfilled
SO-00000180,1,PRT013,PLT007,122,122,54.50,Fulfilled
SO-00000180,2,PRT015,PLT002,250,198,65.89,Partial
SO-00000180,3,PRT012,PLT007,10,10,29.17,Fulfilled
SO-00000180,4,PRT018,PLT003,127,127,41.89,Fulfilled
SO-00000180,5,PRT006,PLT004,338,226,43.43,Partial
SO-00000180,6,PRT007,PLT007,186,186,19.43,Fulfilled
SO-00000181,1,PRT017,PLT003,345,345,424.70,Fulfilled
SO-00000181,2,PRT014,PLT008,231,231,133.95,Fulfilled
SO-00000181,3,PRT001,PLT002,388,388,16.00,Fulfilled
SO-00000183,1,PRT006,PLT006,287,287,43.09,Fulfilled
SO-00000184,1,PRT017,PLT007,33,33,446.40,Fulfilled
SO-00000185,1,PRT002,PLT005,158,158,286.65,Fulfilled
SO-00000185,2,PRT007,PLT001,170,170,22.44,Fulfilled
SO-00000185,3,PRT013,PLT004,255,255,49.09,Fulfilled
SO-00000186,1,PRT006,PLT005,154,154,43.78,Fulfilled
SO-00000187,1,PRT019,PLT001,335,241,6.00,Partial
SO-00000187,2,PRT002,PLT005,293,293,330.75,Fulfilled
SO-00000188,1,PRT006,PLT004,278,278,40.01,Fulfilled
SO-00000188,2,PRT013,PLT008,93,93,54.91,Fulfilled
SO-00000190,1,PRT011,PLT001,163,139,104.41,Partial
SO-00000191,1,PRT014,PLT005,394,394,128.25,Fulfilled
SO-00000191,2,PRT017,PLT005,59,59,443.30,Fulfilled
SO-00000191,3,PRT004,PLT007,263,263,12.43,Fulfilled
SO-00000192,1,PRT019,PLT001,488,488,6.67,Fulfilled
SO-00000193,1,PRT014,PLT003,118,118,133.00,Fulfilled
SO-00000194,1,PRT003,PLT005,31,31,245.70,Fulfilled
SO-00000194,2,PRT007,PLT008,232,232,20.22,Fulfilled
SO-00000194,3,PRT016,PLT008,175,175,8.06,Fulfilled
SO-00000195,1,PRT009,PLT008,487,487,4.00,Fulfilled
SO-00000195,2,PRT018,PLT008,81,81,38.06,Fulfilled
SO-00000196,1,PRT010,PLT008,42,31,39.02,Partial
SO-00000197,1,PRT011,PLT007,166,166,97.34,Fulfilled
SO-00000198,1,PRT008,PLT005,300,300,60.26,Fulfilled
SO-00000199,1,PRT004,PLT001,83,83,10.85,Fulfilled
SO-00000199,2,PRT010,PLT008,198,198,40.17,Fulfilled
SO-00000200,1,PRT016,PLT008,75,75,8.83,Fulfilled
SO-00000200,2,PRT009,PLT003,212,212,4.26,Fulfilled
SO-00000200,3,PRT002,PLT007,437,437,303.80,Fulfilled
SO-00000201,1,PRT008,PLT008,312,312,60.26,Fulfilled
SO-00000201,2,PRT011,PLT004,479,479,90.28,Fulfilled
SO-00000202,1,PRT010,PLT002,160,160,33.52,Fulfilled
SO-00000203,1,PRT013,PLT001,366,366,58.66,Fulfilled
SO-00000203,2,PRT017,PLT002,274,274,437.10,Fulfilled
SO-00000203,3,PRT012,PLT003,500,500,26.96,Fulfilled
SO-00000203,4,PRT004,PLT008,354,354,11.81,Fulfilled
SO-00000204,1,PRT009,PLT006,496,496,3.81,Fulfilled
SO-00000205,1,PRT009,PLT004,105,105,4.06,Fulfilled
SO-00000206,1,PRT018,PLT005,75,75,37.47,Fulfilled
SO-00000206,2,PRT009,PLT007,283,283,3.78,Fulfilled
SO-00000207,1,PRT020,PLT002,80,80,3.92,Fulfilled
SO-00000208,1,PRT020,PLT002,31,31,3.42,Fulfilled
SO-00000208,2,PRT008,PLT008,205,205,75.98,Fulfilled
SO-00000208,3,PRT013,PLT003,104,104,54.08,Fulfilled
SO-00000208,4,PRT002,PLT001,348,216,316.05,Partial
SO-00000208,5,PRT017,PLT004,165,165,430.90,Fulfilled
SO-00000208,6,PRT008,PLT006,17,17,65.50,Fulfilled
SO-00000208,7,PRT019,PLT005,367,367,6.67,Fulfilled
SO-00000209,1,PRT009,PLT005,84,84,4.61,Fulfilled
SO-00000209,2,PRT014,PLT002,143,143,134.90,Fulfilled
SO-00000209,3,PRT004,PLT002,60,60,12.34,Fulfilled
SO-00000209,4,PRT002,PLT005,485,485,330.75,Fulfilled
SO-00000209,5,PRT001,PLT005,455,455,16.50,Fulfilled
SO-00000210,1,PRT014,PLT006,62,62,112.10,Fulfilled
SO-00000210,2,PRT007,PLT008,477,363,19.59,Partial
SO-00000211,1,PRT013,PLT004,283,283,58.24,Fulfilled
SO-00000211,2,PRT014,PLT003,454,454,127.30,Fulfilled
SO-00000212,1,PRT015,PLT003,208,144,76.11,Partial
SO-00000212,2,PRT005,PLT004,358,358,96.24,Fulfilled
SO-00000212,3,PRT019,PLT001,450,450,6.19,Fulfilled
SO-00000212,4,PRT013,PLT004,75,75,53.66,Fulfilled
SO-00000213,1,PRT016,PLT002,331,331,9.09,Fulfilled
SO-00000214,1,PRT008,PLT001,163,163,64.45,Fulfilled
SO-00000214,2,PRT001,PLT001,56,56,15.88,Fulfilled
SO-00000214,3,PRT013,PLT005,104,104,59.90,Fulfilled
SO-00000214,4,PRT007,PLT005,406,406,20.54,Fulfilled
SO-00000215,1,PRT003,PLT007,66,0,257.04,Open
SO-00000216,1,PRT020,PLT003,198,0,4.12,Cancelled
SO-00000218,1,PRT012,PLT004,228,228,30.50,Fulfilled
SO-00000218,2,PRT017,PLT001,406,406,372.00,Fulfilled
SO-00000219,1,PRT014,PLT004,465,465,126.35,Fulfilled
SO-00000219,2,PRT015,PLT007,18,18,72.14,Fulfilled
SO-00000220,1,PRT007,PLT005,36,36,18.17,Fulfilled
SO-00000220,2,PRT008,PLT002,185,185,68.64,Fulfilled
SO-00000221,1,PRT001,PLT006,390,390,16.88,Fulfilled
SO-00000221,2,PRT014,PLT001,266,266,135.85,Fulfilled
SO-00000221,3,PRT002,PLT008,90,77,294.00,Partial
SO-00000222,1,PRT008,PLT003,252,161,65.50,Partial
SO-00000222,2,PRT003,PLT002,54,54,264.60,Fulfilled
SO-00000222,3,PRT020,PLT007,11,11,3.97,Fulfilled
SO-00000222,4,PRT017,PLT003,76,76,362.70,Fulfilled
SO-00000222,5,PRT001,PLT001,211,211,16.38,Fulfilled
SO-00000223,1,PRT018,PLT001,318,318,40.71,Fulfilled
SO-00000223,2,PRT010,PLT006,198,149,41.04,Partial
SO-00000224,1,PRT006,PLT005,123,123,44.80,Fulfilled
SO-00000225,1,PRT004,PLT005,349,349,12.51,Fulfilled
SO-00000226,1,PRT006,PLT007,336,336,47.20,Fulfilled
SO-00000226,2,PRT012,PLT006,191,191,28.07,Fulfilled
SO-00000226,3,PRT001,PLT008,288,288,16.50,Fulfilled
SO-00000227,1,PRT009,PLT005,391,391,3.84,Fulfilled
SO-00000228,1,PRT013,PLT003,43,43,53.66,Fulfilled
SO-00000228,2,PRT006,PLT006,457,457,47.88,Fulfilled
SO-00000230,1,PRT018,PLT005,116,116,33.93,Fulfilled
SO-00000230,2,PRT017,PLT007,477,477,430.90,Fulfilled
SO-00000230,3,PRT019,PLT003,494,494,5.76,Fulfilled
SO-00000231,1,PRT005,PLT003,461,0,94.89,Open
SO-00000232,1,PRT002,PLT008,488,488,325.85,Fulfilled
SO-00000232,2,PRT017,PLT006,145,145,418.50,Fulfilled
SO-00000233,1,PRT014,PLT007,349,349,121.60,Fulfilled
SO-00000233,2,PRT004,PLT005,269,269,11.99,Fulfilled
SO-00000233,3,PRT007,PLT006,496,496,18.96,Fulfilled
SO-00000235,1,PRT008,PLT008,423,423,64.98,Fulfilled
SO-00000236,1,PRT005,PLT005,119,119,95.57,Fulfilled
SO-00000236,2,PRT004,PLT006,169,147,11.73,Partial
SO-00000236,3,PRT004,PLT007,102,102,11.38,Fulfilled
SO-00000238,1,PRT004,PLT008,287,184,10.41,Partial
SO-00000238,2,PRT010,PLT002,359,359,38.44,Fulfilled
SO-00000238,3,PRT013,PLT007,492,379,58.66,Partial
SO-00000239,1,PRT004,PLT007,148,148,10.85,Fulfilled
SO-00000239,2,PRT019,PLT001,60,37,5.86,Partial
SO-00000239,3,PRT014,PLT005,176,176,125.40,Fulfilled
SO-00000240,1,PRT020,PLT001,394,394,4.18,Fulfilled
SO-00000240,2,PRT009,PLT004,249,249,4.22,Fulfilled
SO-00000240,3,PRT014,PLT003,259,259,111.15,Fulfilled
SO-00000240,4,PRT003,PLT005,74,74,240.03,Fulfilled
SO-00000240,5,PRT009,PLT003,37,37,3.94,Fulfilled
SO-00000241,1,PRT020,PLT006,251,251,3.68,Fulfilled
SO-00000241,2,PRT015,PLT006,360,360,66.46,Fulfilled
SO-00000241,3,PRT018,PLT002,47,47,35.70,Fulfilled
SO-00000241,4,PRT001,PLT008,192,192,15.63,Fulfilled
SO-00000242,1,PRT004,PLT007,297,297,10.76,Fulfilled
SO-00000243,1,PRT013,PLT002,18,18,57.82,Fulfilled
SO-00000243,2,PRT007,PLT003,219,219,20.07,Fulfilled
SO-00000243,3,PRT001,PLT001,397,397,14.50,Fulfilled
SO-00000244,1,PRT003,PLT001,98,98,243.81,Fulfilled
SO-00000244,2,PRT002,PLT003,158,158,294.00,Fulfilled
SO-00000245,1,PRT008,PLT006,426,426,75.46,Fulfilled
SO-00000246,1,PRT003,PLT001,199,0,224.91,Cancelled
SO-00000247,1,PRT010,PLT007,155,155,35.55,Fulfilled
SO-00000247,2,PRT007,PLT005,397,397,22.28,Fulfilled
SO-00000247,3,PRT004,PLT001,105,91,11.55,Partial
SO-00000248,1,PRT014,PLT007,195,0,127.30,Cancelled
SO-00000248,2,PRT014,PLT006,85,0,109.25,Cancelled
SO-00000248,3,PRT008,PLT004,73,0,62.88,Cancelled
SO-00000249,1,PRT011,PLT007,190,190,102.05,Fulfilled
SO-00000249,2,PRT014,PLT006,307,307,114.95,Fulfilled
SO-00000250,1,PRT018,PLT008,52,43,34.52,Partial
SO-00000251,1,PRT020,PLT008,371,371,3.45,Fulfilled
SO-00000251,2,PRT013,PLT008,487,487,51.58,Fulfilled
SO-00000252,1,PRT012,PLT008,449,449,27.63,Fulfilled
SO-00000252,2,PRT012,PLT002,426,426,27.18,Fulfilled
SO-00000252,3,PRT019,PLT007,403,403,5.95,Fulfilled
SO-00000253,1,PRT001,PLT005,56,34,16.63,Partial
SO-00000253,2,PRT011,PLT004,464,464,98.13,Fulfilled
SO-00000253,3,PRT016,PLT007,56,56,7.55,Fulfilled
SO-00000254,1,PRT008,PLT006,49,0,69.69,Open
SO-00000254,2,PRT020,PLT003,57,0,3.86,Open
SO-00000255,1,PRT002,PLT001,54,54,296.45,Fulfilled
SO-00000256,1,PRT005,PLT004,343,343,85.47,Fulfilled
SO-00000256,2,PRT017,PLT003,143,143,418.50,Fulfilled
SO-00000256,3,PRT003,PLT004,357,357,262.71,Fulfilled
SO-00000256,4,PRT014,PLT008,50,50,116.85,Fulfilled
SO-00000257,1,PRT002,PLT003,207,207,294.00,Fulfilled
SO-00000257,2,PRT009,PLT004,427,427,3.94,Fulfilled
SO-00000257,3,PRT009,PLT003,273,273,3.81,Fulfilled
SO-00000258,1,PRT015,PLT004,387,387,76.68,Fulfilled
SO-00000259,1,PRT020,PLT006,388,388,4.06,Fulfilled
SO-00000259,2,PRT003,PLT001,393,393,228.69,Fulfilled
SO-00000260,1,PRT007,PLT007,260,260,21.65,Fulfilled
SO-00000260,2,PRT009,PLT005,122,122,3.81,Fulfilled
SO-00000260,3,PRT011,PLT007,318,318,113.83,Fulfilled
SO-00000260,4,PRT008,PLT004,479,479,62.88,Fulfilled
SO-00000261,1,PRT019,PLT005,232,232,6.58,Fulfilled
SO-00000262,1,PRT008,PLT006,135,135,61.83,Fulfilled
SO-00000262,2,PRT019,PLT005,486,486,5.81,Fulfilled
SO-00000262,3,PRT007,PLT008,254,254,21.96,Fulfilled
SO-00000262,4,PRT001,PLT007,225,225,15.13,Fulfilled
SO-00000263,1,PRT013,PLT003,70,70,59.49,Fulfilled
SO-00000263,2,PRT017,PLT002,33,33,430.90,Fulfilled
SO-00000264,1,PRT016,PLT005,255,255,9.02,Fulfilled
SO-00000265,1,PRT006,PLT002,363,363,40.70,Fulfilled
SO-00000265,2,PRT020,PLT001,96,96,3.42,Fulfilled
SO-00000266,1,PRT012,PLT002,17,17,29.61,Fulfilled
SO-00000266,2,PRT010,PLT006,138,138,34.97,Fulfilled
SO-00000267,1,PRT017,PLT007,170,170,375.10,Fulfilled
SO-00000267,2,PRT002,PLT006,430,430,289.10,Fulfilled
SO-00000268,1,PRT019,PLT008,473,473,6.67,Fulfilled
SO-00000268,2,PRT007,PLT001,214,214,19.91,Fulfilled
SO-00000268,3,PRT010,PLT007,437,437,35.26,Fulfilled
SO-00000268,4,PRT013,PLT006,227,227,53.25,Fulfilled
SO-00000269,1,PRT019,PLT008,364,0,6.53,Open
SO-00000269,2,PRT007,PLT001,453,0,18.33,Open
SO-00000269,3,PRT017,PLT008,272,0,356.50,Open
SO-00000270,1,PRT002,PLT001,365,230,301.35,Partial
SO-00000270,2,PRT008,PLT005,173,173,72.31,Fulfilled
SO-00000271,1,PRT013,PLT007,473,473,49.50,Fulfilled
SO-00000271,2,PRT017,PLT002,339,339,424.70,Fulfilled
SO-00000272,1,PRT005,PLT005,460,460,95.57,Fulfilled
SO-00000272,2,PRT014,PLT003,470,470,123.50,Fulfilled
SO-00000272,3,PRT008,PLT005,193,193,64.98,Fulfilled
SO-00000272,4,PRT004,PLT002,480,480,10.41,Fulfilled
SO-00000272,5,PRT012,PLT005,334,334,25.64,Fulfilled
SO-00000273,1,PRT013,PLT006,107,107,49.92,Fulfilled
SO-00000273,2,PRT008,PLT001,208,208,62.36,Fulfilled
SO-00000274,1,PRT006,PLT001,335,335,48.91,Fulfilled
SO-00000274,2,PRT008,PLT002,90,90,61.83,Fulfilled
SO-00000274,3,PRT006,PLT004,344,344,47.20,Fulfilled
SO-00000274,4,PRT008,PLT008,434,434,65.50,Fulfilled
SO-00000274,5,PRT017,PLT004,46,46,424.70,Fulfilled
SO-00000275,1,PRT020,PLT008,75,75,3.60,Fulfilled
SO-00000276,1,PRT002,PLT007,49,49,303.80,Fulfilled
SO-00000277,1,PRT001,PLT004,106,106,17.50,Fulfilled
SO-00000278,1,PRT015,PLT001,99,99,81.79,Fulfilled
SO-00000278,2,PRT001,PLT005,207,207,15.50,Fulfilled
SO-00000278,3,PRT016,PLT003,158,158,7.49,Fulfilled
SO-00000279,1,PRT010,PLT005,354,354,38.15,Fulfilled
SO-00000279,2,PRT001,PLT002,490,490,14.75,Fulfilled
SO-00000279,3,PRT012,PLT001,335,335,30.06,Fulfilled
SO-00000279,4,PRT006,PLT001,52,52,43.78,Fulfilled
SO-00000280,1,PRT019,PLT001,282,282,5.62,Fulfilled
SO-00000280,2,PRT019,PLT003,334,334,6.34,Fulfilled
SO-00000281,1,PRT018,PLT005,324,324,41.89,Fulfilled
SO-00000281,2,PRT005,PLT002,185,185,88.84,Fulfilled
SO-00000282,1,PRT010,PLT005,233,233,41.04,Fulfilled
SO-00000284,1,PRT013,PLT003,354,354,52.00,Fulfilled
SO-00000284,2,PRT018,PLT007,199,199,36.29,Fulfilled
SO-00000284,3,PRT003,PLT002,184,184,224.91,Fulfilled
SO-00000284,4,PRT006,PLT004,20,16,42.07,Partial
SO-00000285,1,PRT009,PLT002,410,410,4.06,Fulfilled
SO-00000285,2,PRT005,PLT003,23,23,79.41,Fulfilled
SO-00000287,1,PRT005,PLT004,199,199,78.74,Fulfilled
SO-00000287,2,PRT001,PLT007,198,198,14.50,Fulfilled
SO-00000287,3,PRT004,PLT007,377,377,12.08,Fulfilled
SO-00000287,4,PRT013,PLT002,464,464,50.34,Fulfilled
SO-00000289,1,PRT020,PLT004,464,0,3.39,Open
SO-00000289,2,PRT008,PLT004,106,0,72.31,Open
SO-00000290,1,PRT012,PLT004,100,100,30.72,Fulfilled
SO-00000290,2,PRT020,PLT003,213,213,3.83,Fulfilled
SO-00000291,1,PRT020,PLT001,318,226,3.54,Partial
SO-00000292,1,PRT002,PLT006,394,394,335.65,Fulfilled
SO-00000292,2,PRT006,PLT002,144,144,42.75,Fulfilled
SO-00000294,1,PRT005,PLT005,255,255,90.18,Fulfilled
SO-00000294,2,PRT020,PLT005,305,305,4.03,Fulfilled
SO-00000298,1,PRT014,PLT006,124,124,109.25,Fulfilled
SO-00000298,2,PRT004,PLT001,70,70,11.20,Fulfilled
SO-00000298,3,PRT007,PLT007,443,443,19.59,Fulfilled
SO-00000299,1,PRT015,PLT005,131,131,67.59,Fulfilled
SO-00000299,2,PRT010,PLT006,327,327,33.24,Fulfilled
SO-00000299,3,PRT002,PLT004,495,495,328.30,Fulfilled
SO-00000300,1,PRT013,PLT002,66,66,49.50,Fulfilled
SO-00000301,1,PRT009,PLT003,68,68,3.97,Fulfilled
SO-00000301,2,PRT001,PLT008,395,395,17.13,Fulfilled
SO-00000302,1,PRT013,PLT008,344,344,50.75,Fulfilled
SO-00000302,2,PRT003,PLT006,200,200,264.60,Fulfilled
SO-00000302,3,PRT020,PLT004,334,334,3.48,Fulfilled
SO-00000302,4,PRT010,PLT002,484,484,33.81,Fulfilled
SO-00000303,1,PRT003,PLT006,395,0,253.26,Open
SO-00000303,2,PRT003,PLT003,328,0,274.05,Open
SO-00000303,3,PRT011,PLT004,101,0,93.42,Open
SO-00000303,4,PRT007,PLT007,426,0,20.54,Open
SO-00000304,1,PRT017,PLT004,237,237,440.20,Fulfilled
SO-00000305,1,PRT019,PLT002,160,160,5.57,Fulfilled
SO-00000306,1,PRT009,PLT002,425,425,3.78,Fulfilled
SO-00000307,1,PRT006,PLT002,250,250,46.51,Fulfilled
SO-00000307,2,PRT010,PLT002,376,376,37.57,Fulfilled
SO-00000308,1,PRT009,PLT008,287,287,4.35,Fulfilled
SO-00000308,2,PRT012,PLT008,226,226,31.82,Fulfilled
SO-00000308,3,PRT009,PLT004,150,150,4.32,Fulfilled
SO-00000309,1,PRT019,PLT003,39,39,6.19,Fulfilled
SO-00000311,1,PRT013,PLT006,82,70,52.42,Partial
SO-00000311,2,PRT003,PLT002,111,111,245.70,Fulfilled
SO-00000311,3,PRT017,PLT005,209,209,424.70,Fulfilled
SO-00000311,4,PRT007,PLT004,207,207,18.80,Fulfilled
SO-00000312,1,PRT001,PLT008,194,194,15.75,Fulfilled
SO-00000312,2,PRT018,PLT002,48,48,36.29,Fulfilled
SO-00000312,3,PRT008,PLT005,176,176,69.69,Fulfilled
SO-00000314,1,PRT010,PLT002,19,19,37.28,Fulfilled
SO-00000315,1,PRT018,PLT008,387,387,35.40,Fulfilled
SO-00000316,1,PRT010,PLT007,429,429,41.04,Fulfilled
SO-00000317,1,PRT010,PLT004,294,294,38.44,Fulfilled
SO-00000317,2,PRT020,PLT005,404,404,3.94,Fulfilled
SO-00000318,1,PRT003,PLT004,266,0,226.80,Open
SO-00000318,2,PRT010,PLT003,260,0,36.41,Open
SO-00000319,1,PRT006,PLT005,345,345,45.14,Fulfilled
SO-00000319,2,PRT007,PLT004,489,489,22.12,Fulfilled
SO-00000320,1,PRT006,PLT002,17,17,41.04,Fulfilled
SO-00000320,2,PRT019,PLT003,460,363,6.24,Partial
SO-00000321,1,PRT003,PLT003,471,471,232.47,Fulfilled
SO-00000321,2,PRT005,PLT002,251,251,87.49,Fulfilled
SO-00000322,1,PRT010,PLT007,178,123,41.91,Partial
SO-00000322,2,PRT008,PLT008,79,79,62.36,Fulfilled
SO-00000322,3,PRT014,PLT008,202,202,137.75,Fulfilled
SO-00000323,1,PRT008,PLT006,459,0,66.55,Open
SO-00000323,2,PRT004,PLT007,145,0,12.25,Open
SO-00000324,1,PRT005,PLT008,100,100,83.45,Fulfilled
SO-00000324,2,PRT006,PLT007,442,442,47.20,Fulfilled
SO-00000325,1,PRT010,PLT003,455,455,41.91,Fulfilled
SO-00000325,2,PRT010,PLT001,299,299,41.62,Fulfilled
SO-00000326,1,PRT019,PLT001,499,499,6.77,Fulfilled
SO-00000326,2,PRT017,PLT007,286,286,449.50,Fulfilled
SO-00000326,3,PRT015,PLT007,77,77,65.32,Fulfilled
SO-00000326,4,PRT019,PLT004,459,459,6.19,Fulfilled
SO-00000328,1,PRT005,PLT001,196,196,89.51,Fulfilled
SO-00000329,1,PRT001,PLT008,362,253,16.88,Partial
SO-00000330,1,PRT003,PLT004,162,162,221.13,Fulfilled
SO-00000330,2,PRT017,PLT007,117,117,375.10,Fulfilled
SO-00000331,1,PRT001,PLT006,348,348,14.75,Fulfilled
SO-00000331,2,PRT013,PLT008,451,451,58.24,Fulfilled
SO-00000331,3,PRT007,PLT001,498,498,21.01,Fulfilled
SO-00000331,4,PRT012,PLT003,40,40,30.72,Fulfilled
SO-00000333,1,PRT019,PLT003,462,462,5.62,Fulfilled
SO-00000334,1,PRT010,PLT007,82,82,33.24,Fulfilled
SO-00000334,2,PRT006,PLT002,102,102,47.88,Fulfilled
SO-00000334,3,PRT009,PLT002,191,191,3.97,Fulfilled
SO-00000335,1,PRT016,PLT004,267,267,7.49,Fulfilled
SO-00000336,1,PRT016,PLT001,437,437,9.09,Fulfilled
SO-00000336,2,PRT017,PLT008,376,376,424.70,Fulfilled
SO-00000336,3,PRT007,PLT007,13,13,21.80,Fulfilled
SO-00000338,1,PRT009,PLT001,466,396,4.64,Partial
SO-00000339,1,PRT009,PLT006,185,185,3.78,Fulfilled
SO-00000339,2,PRT007,PLT002,414,414,20.54,Fulfilled
SO-00000339,3,PRT008,PLT001,278,278,67.60,Fulfilled
SO-00000340,1,PRT003,PLT008,311,0,245.70,Cancelled
SO-00000340,2,PRT008,PLT003,153,0,68.64,Cancelled
SO-00000341,1,PRT017,PLT003,103,0,409.20,Open
SO-00000341,2,PRT011,PLT008,485,0,105.98,Open
SO-00000341,3,PRT005,PLT005,157,0,81.43,Open
SO-00000342,1,PRT012,PLT006,35,35,27.40,Fulfilled
SO-00000343,1,PRT016,PLT006,404,404,8.64,Fulfilled
SO-00000343,2,PRT012,PLT007,467,467,25.42,Fulfilled
SO-00000344,1,PRT002,PLT003,150,92,340.55,Partial
SO-00000346,1,PRT009,PLT008,116,116,4.51,Fulfilled
SO-00000346,2,PRT014,PLT002,496,496,120.65,Fulfilled
SO-00000346,3,PRT018,PLT001,472,297,38.65,Partial
SO-00000347,1,PRT013,PLT004,303,303,48.67,Fulfilled
SO-00000347,2,PRT002,PLT003,72,60,286.65,Partial
SO-00000347,3,PRT018,PLT003,99,60,38.35,Partial
SO-00000348,1,PRT020,PLT006,294,294,3.57,Fulfilled
SO-00000349,1,PRT020,PLT001,56,56,3.57,Fulfilled
SO-00000349,2,PRT005,PLT004,238,238,94.89,Fulfilled
SO-00000349,3,PRT001,PLT003,305,305,14.75,Fulfilled
SO-00000350,1,PRT007,PLT007,62,62,20.07,Fulfilled
SO-00000351,1,PRT001,PLT005,293,293,16.63,Fulfilled
SO-00000352,1,PRT018,PLT007,230,230,34.81,Fulfilled
SO-00000352,2,PRT014,PLT004,342,342,131.10,Fulfilled
SO-00000353,1,PRT014,PLT004,294,294,116.85,Fulfilled
SO-00000354,1,PRT017,PLT007,429,429,396.80,Fulfilled
SO-00000354,2,PRT019,PLT008,445,445,6.58,Fulfilled
SO-00000355,1,PRT016,PLT003,169,169,7.68,Fulfilled
SO-00000355,2,PRT017,PLT008,202,202,396.80,Fulfilled
SO-00000356,1,PRT006,PLT001,118,118,44.46,Fulfilled
SO-00000357,1,PRT010,PLT003,57,57,39.30,Fulfilled
SO-00000358,1,PRT016,PLT001,81,0,8.51,Open
SO-00000358,2,PRT001,PLT001,416,0,16.63,Open
SO-00000358,3,PRT007,PLT008,101,0,20.86,Open
SO-00000358,4,PRT007,PLT001,413,0,18.33,Open
SO-00000359,1,PRT004,PLT001,133,133,11.46,Fulfilled
SO-00000359,2,PRT014,PLT005,215,215,113.05,Fulfilled
SO-00000359,3,PRT017,PLT003,446,446,362.70,Fulfilled
SO-00000360,1,PRT005,PLT004,220,220,96.24,Fulfilled
SO-00000360,2,PRT016,PLT005,432,432,7.74,Fulfilled
SO-00000360,3,PRT013,PLT001,66,66,53.66,Fulfilled
SO-00000361,1,PRT008,PLT001,214,214,68.12,Fulfilled
SO-00000361,2,PRT006,PLT001,493,493,41.04,Fulfilled
SO-00000361,3,PRT018,PLT008,247,247,41.30,Fulfilled
SO-00000362,1,PRT013,PLT005,494,494,54.08,Fulfilled
SO-00000363,1,PRT012,PLT008,208,208,27.85,Fulfilled
SO-00000364,1,PRT009,PLT007,324,230,4.38,Partial
SO-00000365,1,PRT007,PLT006,433,433,21.96,Fulfilled
SO-00000365,2,PRT002,PLT002,118,118,340.55,Fulfilled
SO-00000365,3,PRT018,PLT001,49,49,36.58,Fulfilled
SO-00000366,1,PRT009,PLT008,33,33,4.10,Fulfilled
SO-00000366,2,PRT004,PLT002,162,162,10.33,Fulfilled
SO-00000367,1,PRT004,PLT004,413,0,11.03,Open
SO-00000367,2,PRT013,PLT006,32,0,48.67,Open
SO-00000369,1,PRT004,PLT002,242,242,12.08,Fulfilled
SO-00000369,2,PRT006,PLT006,55,55,45.83,Fulfilled
SO-00000370,1,PRT008,PLT003,454,454,73.88,Fulfilled
SO-00000370,2,PRT001,PLT003,21,21,17.75,Fulfilled
SO-00000373,1,PRT005,PLT005,377,377,95.57,Fulfilled
SO-00000373,2,PRT006,PLT006,90,72,46.51,Partial
SO-00000374,1,PRT006,PLT006,258,258,45.14,Fulfilled
SO-00000375,1,PRT019,PLT005,74,74,6.53,Fulfilled
SO-00000375,2,PRT001,PLT004,417,417,17.75,Fulfilled
SO-00000375,3,PRT010,PLT004,412,412,34.97,Fulfilled
SO-00000377,1,PRT015,PLT003,128,95,67.02,Partial
SO-00000377,2,PRT007,PLT005,145,131,19.43,Partial
SO-00000378,1,PRT004,PLT008,127,127,11.55,Fulfilled
SO-00000379,1,PRT018,PLT007,335,335,36.58,Fulfilled
SO-00000379,2,PRT008,PLT005,24,24,73.36,Fulfilled
SO-00000380,1,PRT008,PLT007,54,54,67.07,Fulfilled
SO-00000380,2,PRT020,PLT001,25,25,3.39,Fulfilled
SO-00000382,1,PRT006,PLT003,349,349,43.78,Fulfilled
SO-00000382,2,PRT014,PLT007,376,376,133.95,Fulfilled
SO-00000382,3,PRT017,PLT005,349,349,446.40,Fulfilled
SO-00000382,4,PRT004,PLT007,259,259,10.76,Fulfilled
SO-00000383,1,PRT001,PLT007,81,81,17.75,Fulfilled
SO-00000383,2,PRT005,PLT005,288,288,84.80,Fulfilled
SO-00000383,3,PRT001,PLT006,397,397,15.75,Fulfilled
SO-00000384,1,PRT006,PLT003,394,394,43.78,Fulfilled
SO-00000384,2,PRT009,PLT001,256,256,4.54,Fulfilled
SO-00000385,1,PRT002,PLT002,167,167,328.30,Fulfilled
SO-00000385,2,PRT004,PLT007,135,135,12.25,Fulfilled
SO-00000386,1,PRT017,PLT004,207,207,393.70,Fulfilled
SO-00000386,2,PRT018,PLT005,214,214,35.40,Fulfilled
SO-00000387,1,PRT016,PLT004,223,223,8.19,Fulfilled
SO-00000387,2,PRT006,PLT002,39,39,39.67,Fulfilled
SO-00000387,3,PRT006,PLT003,171,149,48.56,Partial
SO-00000388,1,PRT017,PLT006,16,16,362.70,Fulfilled
SO-00000388,2,PRT016,PLT004,234,234,8.90,Fulfilled
SO-00000388,3,PRT016,PLT001,78,78,8.90,Fulfilled
SO-00000388,4,PRT011,PLT003,219,219,94.20,Fulfilled
SO-00000388,5,PRT001,PLT002,140,140,17.75,Fulfilled
SO-00000389,1,PRT013,PLT003,232,232,56.58,Fulfilled
SO-00000390,1,PRT006,PLT003,376,376,40.70,Fulfilled
SO-00000390,2,PRT017,PLT004,297,297,430.90,Fulfilled
SO-00000391,1,PRT019,PLT003,470,0,6.62,Open
SO-00000392,1,PRT007,PLT003,31,31,22.91,Fulfilled
SO-00000393,1,PRT017,PLT002,68,68,412.30,Fulfilled
SO-00000393,2,PRT002,PLT004,102,102,340.55,Fulfilled
SO-00000394,1,PRT003,PLT004,319,319,268.38,Fulfilled
SO-00000394,2,PRT002,PLT008,145,102,281.75,Partial
SO-00000395,1,PRT012,PLT004,475,475,28.51,Fulfilled
SO-00000395,2,PRT017,PLT002,451,451,359.60,Fulfilled
SO-00000396,1,PRT012,PLT007,20,20,28.95,Fulfilled
SO-00000396,2,PRT003,PLT004,22,22,264.60,Fulfilled
SO-00000397,1,PRT005,PLT006,58,58,82.78,Fulfilled
SO-00000398,1,PRT007,PLT004,132,132,20.54,Fulfilled
SO-00000399,1,PRT001,PLT002,468,468,14.63,Fulfilled
SO-00000399,2,PRT020,PLT001,140,140,3.34,Fulfilled
SO-00000399,3,PRT007,PLT007,242,242,22.12,Fulfilled
SO-00000399,4,PRT017,PLT005,486,486,424.70,Fulfilled
SO-00000400,1,PRT013,PLT007,102,102,47.84,Fulfilled
SO-00000400,2,PRT005,PLT005,169,169,78.74,Fulfilled
SO-00000400,3,PRT006,PLT005,338,338,41.72,Fulfilled
SO-00000400,4,PRT018,PLT004,158,158,41.30,Fulfilled
