PO_ID,SUPPLIER_ID,PLANT_ID,PART_ID,ORDER_DATE,PROMISED_DATE,RECEIVED_DATE,ORDERED_QTY,RECEIVED_QTY,UNIT_COST,FREIGHT_COST,DUTY_COST,HANDLING_COST,STATUS
PO-00000001,SUP001,PLT001,PRT001,2026-03-19,2026-03-26,2026-03-25,1672,1672,11.80,1183.78,986.48,591.89,Received
PO-00000002,SUP001,PLT007,PRT001,2026-08-05,2026-08-12,2026-08-10,1120,1120,11.80,264.32,396.48,396.48,Received
PO-00000003,SUP001,PLT002,PRT001,2025-10-17,2025-10-24,2025-10-23,1358,1358,11.80,801.22,801.22,160.24,Received
PO-00000004,SUP001,PLT002,PRT001,2026-06-04,2026-06-11,2026-06-10,916,916,11.80,216.18,216.18,108.09,Received
PO-00000005,SUP001,PLT002,PRT001,2026-01-16,2026-01-23,2026-01-21,1871,1871,11.80,883.11,662.33,662.33,Received
PO-00000006,SUP001,PLT004,PRT001,2026-01-12,2026-01-19,2026-01-22,1639,1295,11.80,773.61,580.21,580.21,Partial
PO-00000007,SUP001,PLT005,PRT001,2026-02-15,2026-02-22,2026-02-21,1019,1019,11.80,240.48,240.48,120.24,Received
PO-00000008,SUP001,PLT001,PRT006,2026-07-23,2026-07-30,2026-07-29,741,741,32.50,1444.95,481.65,481.65,Received
PO-00000009,SUP001,PLT006,PRT006,2026-03-02,2026-03-09,2026-03-06,1504,1504,32.50,1466.40,1955.20,977.60,Received
PO-00000010,SUP001,PLT006,PRT006,2026-07-21,2026-07-28,2026-07-28,1125,1125,32.50,1828.13,0.00,365.63,Received
PO-00000011,SUP001,PLT007,PRT006,2026-08-01,2026-08-08,2026-08-06,1671,1671,32.50,1086.15,1086.15,1629.23,Received
PO-00000012,SUP001,PLT007,PRT006,2026-02-03,2026-02-10,2026-02-07,154,154,32.50,400.40,250.25,150.15,Received
PO-00000013,SUP001,PLT007,PRT006,2026-03-26,2026-04-02,2026-04-11,830,830,32.50,1348.75,269.75,809.25,Received
PO-00000014,SUP001,PLT002,PRT006,2025-10-10,2025-10-17,2025-10-18,442,442,32.50,1149.20,718.25,430.95,Received
PO-00000015,SUP001,PLT002,PRT006,2026-01-31,2026-02-07,2026-02-07,1089,1089,32.50,1769.63,353.93,1061.78,Received
PO-00000016,SUP001,PLT003,PRT006,2026-09-06,2026-09-13,2026-09-13,1553,1553,32.50,1009.45,1009.45,1514.18,Received
PO-00000017,SUP001,PLT004,PRT006,2026-07-27,2026-08-03,,601,0,32.50,585.98,0.00,195.33,Cancelled
PO-00000018,SUP001,PLT005,PRT006,2025-09-28,2025-10-05,2025-10-02,430,430,32.50,419.25,698.75,279.50,Received
PO-00000019,SUP001,PLT001,PRT010,2026-02-04,2026-02-12,2026-02-11,1038,1038,27.40,1706.47,284.41,853.24,Received
PO-00000020,SUP001,PLT007,PRT010,2026-06-07,2026-06-15,2026-06-13,1009,1009,27.40,552.93,0.00,829.40,Received
PO-00000021,SUP001,PLT007,PRT010,2025-12-04,2025-12-12,2025-12-12,497,497,27.40,272.36,680.89,136.18,Received
PO-00000022,SUP001,PLT008,PRT010,2025-10-15,2025-10-23,2025-10-21,1871,1871,27.40,4101.23,1025.31,1025.31,Received
PO-00000023,SUP001,PLT002,PRT010,2025-10-29,2025-11-06,2025-11-06,444,444,27.40,364.97,121.66,364.97,Received
PO-00000024,SUP001,PLT002,PRT010,2026-06-20,2026-06-28,2026-06-25,159,159,27.40,261.40,174.26,87.13,Received
PO-00000025,SUP001,PLT003,PRT010,2026-04-01,2026-04-09,2026-04-08,1572,1572,27.40,3015.10,2153.64,430.73,Received
PO-00000026,SUP001,PLT004,PRT010,2026-08-02,2026-08-10,2026-08-20,254,211,27.40,139.19,347.98,69.60,Partial
PO-00000027,SUP001,PLT005,PRT010,2026-04-25,2026-05-03,2026-05-02,1429,1429,27.40,1957.73,783.09,783.09,Received
PO-00000028,SUP002,PLT001,PRT005,2026-04-22,2026-05-13,2026-05-13,1548,1548,58.90,7294.18,1823.54,911.77,Received
PO-00000029,SUP002,PLT006,PRT005,2025-12-22,2026-01-12,2026-01-09,1340,1340,58.90,2367.78,3946.30,1578.52,Received
PO-00000030,SUP002,PLT007,PRT005,2025-12-10,2025-12-31,2025-12-30,534,534,58.90,1258.10,0.00,314.53,Received
PO-00000031,SUP002,PLT007,PRT005,2026-02-07,2026-02-28,2026-02-28,135,135,58.90,397.58,318.06,238.55,Received
PO-00000032,SUP002,PLT008,PRT005,2025-10-22,2025-11-12,2025-11-11,1518,1518,58.90,3576.41,4470.51,2682.31,Received
PO-00000033,SUP002,PLT002,PRT005,2026-04-03,2026-04-24,2026-04-22,1814,1814,58.90,8547.57,5342.23,1068.45,Received
PO-00000034,SUP002,PLT002,PRT005,2026-08-27,2026-09-17,2026-09-17,1707,1707,58.90,7037.96,3016.27,1005.42,Received
PO-00000035,SUP002,PLT003,PRT005,2026-07-09,2026-07-30,2026-07-28,1911,1911,58.90,4502.32,5627.90,1125.58,Received
PO-00000036,SUP002,PLT003,PRT005,2026-06-27,2026-07-18,2026-07-18,599,599,58.90,1764.06,1764.06,352.81,Received
PO-00000037,SUP002,PLT004,PRT005,2025-09-18,2025-10-09,2025-10-09,968,968,58.90,2850.76,0.00,1140.30,Received
PO-00000038,SUP002,PLT005,PRT005,2026-03-10,2026-03-31,2026-03-29,251,251,58.90,1182.71,0.00,443.52,Received
PO-00000039,SUP002,PLT005,PRT005,2026-01-24,2026-02-14,2026-02-12,1895,1895,58.90,7813.09,4464.62,2232.31,Received
PO-00000040,SUP002,PLT005,PRT005,2025-10-17,2025-11-07,2025-11-07,1651,1651,58.90,5834.63,972.44,1944.88,Received
PO-00000041,SUP002,PLT001,PRT015,2026-02-19,2026-03-11,2026-03-10,1400,1400,48.20,1349.60,2024.40,674.80,Received
PO-00000042,SUP002,PLT006,PRT015,2026-01-03,2026-01-23,2026-01-27,746,522,48.20,2517.00,0.00,1078.72,Partial
PO-00000043,SUP002,PLT006,PRT015,2025-09-23,2025-10-13,2025-10-13,106,106,48.20,408.74,255.46,102.18,Received
PO-00000044,SUP002,PLT007,PRT015,2025-11-19,2025-12-09,2025-12-08,1543,1543,48.20,5949.81,2974.90,743.73,Received
PO-00000045,SUP002,PLT008,PRT015,2026-06-25,2026-07-15,2026-07-12,1029,1029,48.20,2975.87,1983.91,991.96,Received
PO-00000046,SUP002,PLT002,PRT015,2026-05-06,2026-05-26,2026-06-04,1725,1725,48.20,3325.80,4157.25,831.45,Received
PO-00000047,SUP002,PLT003,PRT015,2026-08-04,2026-08-24,2026-08-30,1223,1223,48.20,3536.92,2357.94,1768.46,Received
PO-00000048,SUP002,PLT004,PRT015,2025-12-19,2026-01-08,2026-01-06,324,324,48.20,1249.34,468.50,468.50,Received
PO-00000049,SUP002,PLT004,PRT015,2025-12-09,2025-12-29,2026-01-05,751,548,48.20,1809.91,1085.95,723.96,Partial
PO-00000050,SUP002,PLT004,PRT015,2026-08-09,2026-08-29,2026-08-27,1349,1349,48.20,5201.74,2600.87,1950.65,Received
PO-00000051,SUP002,PLT005,PRT015,2026-03-29,2026-04-18,2026-04-15,1679,1679,48.20,1618.56,1618.56,809.28,Received
PO-00000052,SUP002,PLT005,PRT015,2025-11-15,2025-12-05,2025-12-04,1847,1847,48.20,3561.02,4451.27,1780.51,Received
PO-00000053,SUP003,PLT006,PRT002,2025-10-22,2025-11-01,2025-10-31,1261,1261,238.00,18007.08,6002.36,3001.18,Received
PO-00000054,SUP003,PLT006,PRT002,2026-09-03,2026-09-13,2026-09-12,1724,1724,238.00,32824.96,4103.12,8206.24,Received
PO-00000055,SUP003,PLT007,PRT002,2026-02-18,2026-02-28,2026-02-25,779,779,238.00,5562.06,3708.04,3708.04,Received
PO-00000056,SUP003,PLT007,PRT002,2026-08-19,2026-08-29,2026-08-26,393,393,238.00,5612.04,935.34,1870.68,Received
PO-00000057,SUP003,PLT007,PRT002,2025-12-25,2026-01-04,2026-01-01,821,821,238.00,9769.90,1953.98,1953.98,Received
PO-00000058,SUP003,PLT002,PRT002,2025-12-30,2026-01-09,2026-01-08,1408,1408,238.00,13404.16,10053.12,3351.04,Received
PO-00000059,SUP003,PLT004,PRT002,2026-04-02,2026-04-12,2026-04-10,1158,1158,238.00,5512.08,8268.12,8268.12,Received
PO-00000060,SUP003,PLT004,PRT002,2025-11-29,2025-12-09,2025-12-07,819,819,238.00,11695.32,1949.22,1949.22,Received
PO-00000061,SUP003,PLT001,PRT017,2026-04-22,2026-05-04,2026-05-01,887,887,295.00,18316.55,10466.60,2616.65,Received
PO-00000062,SUP003,PLT006,PRT017,2025-12-18,2025-12-30,,1472,0,295.00,26054.40,21712.00,13027.20,Cancelled
PO-00000063,SUP003,PLT006,PRT017,2026-03-12,2026-03-24,2026-03-23,1926,1926,295.00,28408.50,5681.70,17045.10,Received
PO-00000064,SUP003,PLT007,PRT017,2026-02-13,2026-02-25,2026-02-25,186,186,295.00,1646.10,2743.50,548.70,Received
PO-00000065,SUP003,PLT002,PRT017,2025-10-05,2025-10-17,2025-10-16,349,349,295.00,3088.65,2059.10,1029.55,Received
PO-00000066,SUP003,PLT002,PRT017,2026-03-26,2026-04-07,2026-04-07,1182,1182,295.00,17434.50,13947.60,3486.90,Received
PO-00000067,SUP003,PLT003,PRT017,2025-10-18,2025-10-30,2025-10-27,1682,1682,295.00,9923.80,19847.60,4961.90,Received
PO-00000068,SUP003,PLT003,PRT017,2025-10-18,2025-10-30,2025-10-29,702,702,295.00,4141.80,8283.60,6212.70,Received
PO-00000069,SUP003,PLT004,PRT017,2026-05-08,2026-05-20,2026-05-18,1178,1178,295.00,6950.20,3475.10,10425.30,Received
PO-00000070,SUP003,PLT005,PRT017,2026-04-09,2026-04-21,2026-04-19,191,191,295.00,1690.35,1126.90,1126.90,Received
PO-00000071,SUP003,PLT005,PRT017,2026-04-28,2026-05-10,2026-05-13,297,208,295.00,1752.30,0.00,2628.45,Partial
PO-00000072,SUP003,PLT005,PRT017,2026-03-06,2026-03-18,,613,,295.00,9041.75,9041.75,3616.70,Open
PO-00000073,SUP004,PLT006,PRT014,2025-11-07,2025-11-25,2025-11-25,647,647,82.00,4244.32,2652.70,1591.62,Received
PO-00000074,SUP004,PLT007,PRT014,2026-07-10,2026-07-28,2026-07-27,876,876,82.00,4309.92,2873.28,2154.96,Received
PO-00000075,SUP004,PLT007,PRT014,2026-05-30,2026-06-17,2026-06-17,1801,1801,82.00,11814.56,7384.10,2953.64,Received
PO-00000076,SUP004,PLT007,PRT014,2026-06-09,2026-06-27,2026-06-24,1136,1136,82.00,4657.60,931.52,1863.04,Received
PO-00000077,SUP004,PLT008,PRT014,2026-04-05,2026-04-23,2026-04-20,51,51,82.00,209.10,0.00,83.64,Received
PO-00000078,SUP004,PLT002,PRT014,2026-01-07,2026-01-25,2026-01-23,133,133,82.00,545.30,0.00,327.18,Received
PO-00000079,SUP004,PLT003,PRT014,2026-02-10,2026-02-28,2026-02-28,1567,1567,82.00,8994.58,3854.82,1284.94,Received
PO-00000080,SUP004,PLT003,PRT014,2025-11-01,2025-11-19,2025-11-18,1006,1006,82.00,6599.36,2474.76,2474.76,Received
PO-00000081,SUP004,PLT004,PRT014,2025-11-06,2025-11-24,2025-11-23,533,533,82.00,3496.48,1748.24,437.06,Received
PO-00000082,SUP004,PLT004,PRT014,2026-04-26,2026-05-14,2026-05-16,784,784,82.00,5143.04,1928.64,642.88,Received
PO-00000083,SUP004,PLT004,PRT014,2025-12-26,2026-01-13,2026-01-16,1749,1522,82.00,4302.54,4302.54,4302.54,Partial
PO-00000084,SUP004,PLT005,PRT014,2025-10-19,2025-11-06,2025-11-03,1210,1210,82.00,4961.00,0.00,1984.40,Received
PO-00000085,SUP004,PLT005,PRT014,2026-09-06,2026-09-24,2026-09-24,596,596,82.00,1466.16,488.72,1466.16,Received
PO-00000086,SUP004,PLT001,PRT009,2026-02-08,2026-02-24,2026-02-28,1056,1056,2.80,236.54,147.84,29.57,Received
PO-00000087,SUP004,PLT001,PRT009,2026-02-08,2026-02-24,2026-02-22,1586,1586,2.80,133.22,222.04,44.41,Received
PO-00000088,SUP004,PLT006,PRT009,2025-09-14,2025-09-30,2025-09-30,1489,1489,2.80,125.08,208.46,125.08,Received
PO-00000089,SUP004,PLT006,PRT009,2026-03-18,2026-04-03,2026-03-31,1787,1787,2.80,300.22,50.04,150.11,Received
PO-00000090,SUP004,PLT007,PRT009,2025-12-28,2026-01-13,2026-01-10,1224,1224,2.80,274.18,34.27,102.82,Received
PO-00000091,SUP004,PLT008,PRT009,2026-03-05,2026-03-21,2026-03-18,1712,1712,2.80,335.55,143.81,143.81,Received
PO-00000092,SUP004,PLT002,PRT009,2026-07-29,2026-08-14,2026-08-14,1902,1902,2.80,159.77,0.00,106.51,Received
PO-00000093,SUP004,PLT002,PRT009,2026-08-03,2026-08-19,2026-08-17,1656,1656,2.80,324.58,231.84,46.37,Received
PO-00000094,SUP004,PLT003,PRT009,2026-03-17,2026-04-02,2026-04-01,1234,1234,2.80,241.86,69.10,103.66,Received
PO-00000095,SUP004,PLT004,PRT009,2026-03-27,2026-04-12,2026-04-16,1339,1044,2.80,149.97,149.97,37.49,Partial
PO-00000096,SUP004,PLT004,PRT009,2025-10-08,2025-10-24,2025-10-21,1249,1249,2.80,174.86,69.94,104.92,Received
PO-00000097,SUP004,PLT005,PRT009,2026-06-15,2026-07-01,,1390,0,2.80,194.60,0.00,38.92,Cancelled
PO-00000098,SUP005,PLT001,PRT001,2026-04-21,2026-04-29,2026-04-26,801,801,12.20,781.78,0.00,293.17,Received
PO-00000099,SUP005,PLT001,PRT001,2026-05-29,2026-06-06,2026-06-06,174,174,12.20,169.82,106.14,63.68,Received
PO-00000100,SUP005,PLT001,PRT001,2025-10-11,2025-10-19,2025-10-16,1983,1983,12.20,483.85,967.70,483.85,Received
PO-00000101,SUP005,PLT007,PRT001,2026-01-06,2026-01-14,2026-01-11,1298,1298,12.20,1108.49,475.07,158.36,Received
PO-00000102,SUP005,PLT007,PRT001,2026-04-15,2026-04-23,,202,,12.20,172.51,123.22,24.64,Open
PO-00000103,SUP005,PLT007,PRT001,2026-02-27,2026-03-07,2026-03-06,628,628,12.20,229.85,0.00,76.62,Received
PO-00000104,SUP005,PLT008,PRT001,2025-09-16,2025-09-24,2025-09-23,172,172,12.20,41.97,41.97,20.98,Received
PO-00000105,SUP005,PLT002,PRT001,2025-10-08,2025-10-16,2025-10-15,1027,1027,12.20,375.88,250.59,250.59,Received
PO-00000106,SUP005,PLT003,PRT001,2026-02-12,2026-02-20,2026-02-20,1601,1601,12.20,781.29,0.00,195.32,Received
PO-00000107,SUP005,PLT003,PRT001,2026-05-25,2026-06-02,2026-05-31,1518,1518,12.20,1111.18,185.20,370.39,Received
PO-00000108,SUP005,PLT004,PRT001,2026-02-19,2026-02-27,2026-02-24,222,222,12.20,189.59,27.08,27.08,Received
PO-00000109,SUP005,PLT004,PRT001,2026-07-19,2026-07-27,2026-07-24,1462,1462,12.20,1248.55,713.46,535.09,Received
PO-00000110,SUP005,PLT005,PRT001,2025-09-12,2025-09-20,2025-09-18,993,993,12.20,363.44,242.29,363.44,Received
PO-00000111,SUP005,PLT005,PRT001,2026-05-20,2026-05-28,2026-05-28,1712,1712,12.20,626.59,1044.32,208.86,Received
PO-00000112,SUP005,PLT005,PRT001,2025-09-26,2025-10-04,2025-10-03,1509,1509,12.20,368.20,736.39,184.10,Received
PO-00000113,SUP005,PLT006,PRT004,2025-10-21,2025-10-27,2025-10-27,306,306,7.90,72.52,72.52,24.17,Received
PO-00000114,SUP005,PLT007,PRT004,2026-08-05,2026-08-11,2026-08-10,427,427,7.90,269.86,33.73,101.20,Received
PO-00000115,SUP005,PLT007,PRT004,2025-12-28,2026-01-03,2026-01-03,1142,1142,7.90,721.74,270.65,180.44,Received
PO-00000116,SUP005,PLT007,PRT004,2025-10-30,2025-11-05,,283,,7.90,67.07,111.79,22.36,Open
PO-00000117,SUP005,PLT008,PRT004,2026-03-02,2026-03-08,2026-03-05,289,289,7.90,114.16,114.16,22.83,Received
PO-00000118,SUP005,PLT008,PRT004,2025-12-13,2025-12-19,2025-12-16,963,963,7.90,152.15,76.08,228.23,Received
PO-00000119,SUP005,PLT002,PRT004,2026-04-06,2026-04-12,2026-04-12,480,480,7.90,265.44,75.84,113.76,Received
PO-00000120,SUP005,PLT002,PRT004,2025-11-21,2025-11-27,2025-11-30,171,132,7.90,81.05,0.00,27.02,Partial
PO-00000121,SUP005,PLT003,PRT004,2026-05-04,2026-05-10,2026-05-20,1477,1329,7.90,583.42,583.42,350.05,Partial
PO-00000122,SUP005,PLT004,PRT004,2026-08-16,2026-08-22,2026-08-22,837,837,7.90,198.37,330.62,198.37,Received
PO-00000123,SUP005,PLT004,PRT004,2026-03-04,2026-03-10,2026-03-07,1849,1849,7.90,730.36,584.28,438.21,Received
PO-00000124,SUP005,PLT005,PRT004,2026-03-21,2026-03-27,2026-03-25,529,529,7.90,167.16,0.00,125.37,Received
PO-00000125,SUP006,PLT001,PRT002,2026-01-11,2026-01-25,2026-01-23,1254,1254,242.00,12138.72,9104.04,9104.04,Received
PO-00000126,SUP006,PLT001,PRT002,2025-09-28,2025-10-12,2025-10-12,1144,1144,242.00,13842.40,0.00,5536.96,Received
PO-00000127,SUP006,PLT006,PRT002,2025-10-19,2025-11-02,2025-10-31,1006,1006,242.00,7303.56,9738.08,2434.52,Received
PO-00000128,SUP006,PLT006,PRT002,2025-12-29,2026-01-12,2026-01-11,1430,1430,242.00,10381.80,17303.00,3460.60,Received
PO-00000129,SUP006,PLT006,PRT002,2026-01-12,2026-01-26,2026-01-26,1798,1798,242.00,8702.32,13053.48,4351.16,Received
PO-00000130,SUP006,PLT007,PRT002,2026-04-18,2026-05-02,2026-04-29,746,746,242.00,12637.24,0.00,1805.32,Received
PO-00000131,SUP006,PLT008,PRT002,2026-02-05,2026-02-19,2026-02-19,676,676,242.00,9815.52,6543.68,1635.92,Received
PO-00000132,SUP006,PLT002,PRT002,2025-09-28,2025-10-12,2025-10-18,1416,1416,242.00,10280.16,10280.16,3426.72,Received
PO-00000133,SUP006,PLT003,PRT002,2026-05-30,2026-06-13,2026-06-13,424,424,242.00,7182.56,1026.08,1026.08,Received
PO-00000134,SUP006,PLT003,PRT002,2026-08-29,2026-09-12,2026-09-11,1050,1050,242.00,17787.00,12705.00,5082.00,Received
PO-00000135,SUP006,PLT004,PRT002,2026-01-06,2026-01-20,2026-01-19,971,971,242.00,11749.10,9399.28,4699.64,Received
PO-00000136,SUP006,PLT004,PRT002,2026-08-22,2026-09-05,2026-09-05,921,921,242.00,8915.28,11144.10,2228.82,Received
PO-00000137,SUP006,PLT005,PRT002,2026-05-14,2026-05-28,2026-05-25,1924,1924,242.00,27936.48,13968.24,9312.16,Received
PO-00000138,SUP006,PLT005,PRT002,2026-04-21,2026-05-05,,984,,242.00,4762.56,4762.56,2381.28,Open
PO-00000139,SUP006,PLT005,PRT002,2026-03-18,2026-04-01,2026-04-01,1128,1128,242.00,5459.52,10919.04,5459.52,Received
PO-00000140,SUP006,PLT001,PRT013,2026-05-13,2026-05-27,2026-05-26,1000,1000,38.50,3080.00,1540.00,385.00,Received
PO-00000141,SUP006,PLT001,PRT013,2026-05-03,2026-05-17,2026-05-14,526,526,38.50,607.53,1012.55,607.53,Received
PO-00000142,SUP006,PLT006,PRT013,2026-04-08,2026-04-22,2026-04-22,1202,1202,38.50,3239.39,1851.08,1388.31,Received
PO-00000143,SUP006,PLT006,PRT013,2026-07-07,2026-07-21,2026-07-21,963,963,38.50,741.51,1853.78,741.51,Received
PO-00000144,SUP006,PLT007,PRT013,2026-05-06,2026-05-20,2026-05-18,761,761,38.50,2050.90,0.00,878.96,Received
PO-00000145,SUP006,PLT008,PRT013,2026-01-13,2026-01-27,2026-01-25,725,725,38.50,558.25,279.13,558.25,Received
PO-00000146,SUP006,PLT008,PRT013,2025-10-27,2025-11-10,2025-11-08,422,422,38.50,1137.29,324.94,162.47,Received
PO-00000147,SUP006,PLT002,PRT013,2026-09-09,2026-09-23,2026-09-23,343,343,38.50,396.17,132.06,264.11,Received
PO-00000148,SUP006,PLT003,PRT013,2026-02-23,2026-03-09,2026-03-09,1711,1711,38.50,3293.68,1976.21,1317.47,Received
PO-00000149,SUP006,PLT004,PRT013,2026-09-08,2026-09-22,2026-09-20,124,124,38.50,286.44,0.00,143.22,Received
PO-00000150,SUP006,PLT004,PRT013,2026-08-24,2026-09-07,2026-09-06,981,981,38.50,755.37,1888.43,377.69,Received
PO-00000151,SUP006,PLT005,PRT013,2026-02-18,2026-03-04,2026-03-02,1088,1088,38.50,2094.40,1256.64,1256.64,Received
PO-00000152,SUP006,PLT001,PRT018,2026-06-14,2026-06-27,2026-06-24,1055,1055,27.80,2346.32,0.00,293.29,Received
PO-00000153,SUP006,PLT006,PRT018,2025-09-14,2025-09-27,2025-09-25,215,215,27.80,418.39,119.54,179.31,Received
PO-00000154,SUP006,PLT006,PRT018,2026-04-09,2026-04-22,2026-04-24,1250,1250,27.80,2780.00,1042.50,1042.50,Received
PO-00000155,SUP006,PLT008,PRT018,2025-12-20,2026-01-02,2026-01-02,1836,1836,27.80,2041.63,510.41,510.41,Received
PO-00000156,SUP006,PLT002,PRT018,2026-05-13,2026-05-26,2026-05-23,744,744,27.80,1654.66,827.33,206.83,Received
PO-00000157,SUP006,PLT003,PRT018,2025-10-01,2025-10-14,2025-10-12,371,371,27.80,618.83,103.14,103.14,Received
PO-00000158,SUP006,PLT004,PRT018,2026-04-29,2026-05-12,2026-05-16,1625,1414,27.80,3614.00,1355.25,1355.25,Partial
PO-00000159,SUP006,PLT004,PRT018,2025-11-19,2025-12-02,2025-11-29,1060,1060,27.80,1768.08,589.36,884.04,Received
PO-00000160,SUP006,PLT005,PRT018,2025-12-31,2026-01-13,2026-01-11,273,273,27.80,607.15,75.89,151.79,Received
PO-00000161,SUP006,PLT005,PRT018,2026-02-27,2026-03-12,2026-03-09,820,820,27.80,911.84,683.88,683.88,Received
PO-00000162,SUP007,PLT001,PRT006,2025-10-30,2025-11-24,2025-11-21,1354,1354,30.10,2445.32,0.00,815.11,Received
PO-00000163,SUP007,PLT006,PRT006,2026-05-10,2026-06-04,2026-06-02,1392,1392,30.10,2094.96,1675.97,1256.98,Received
PO-00000164,SUP007,PLT007,PRT006,2025-10-10,2025-11-04,2025-11-04,799,799,30.10,1202.50,481.00,481.00,Received
PO-00000165,SUP007,PLT008,PRT006,2026-03-15,2026-04-09,2026-04-08,676,676,30.10,1424.33,813.90,203.48,Received
PO-00000166,SUP007,PLT008,PRT006,2026-01-21,2026-02-15,2026-02-13,862,862,30.10,2075.70,778.39,778.39,Received
PO-00000167,SUP007,PLT002,PRT006,2026-03-17,2026-04-11,2026-04-11,1433,1433,30.10,1725.33,0.00,862.67,Received
PO-00000168,SUP007,PLT003,PRT006,2026-03-11,2026-04-05,,521,,30.10,784.11,470.46,470.46,Open
PO-00000169,SUP007,PLT003,PRT006,2025-12-03,2025-12-28,2025-12-26,602,602,30.10,543.61,724.81,362.40,Received
PO-00000170,SUP007,PLT004,PRT006,2026-04-07,2026-05-02,2026-05-01,1708,1708,30.10,2570.54,2570.54,1028.22,Received
PO-00000171,SUP007,PLT004,PRT006,2026-07-12,2026-08-06,2026-08-05,396,396,30.10,357.59,476.78,119.20,Received
PO-00000172,SUP007,PLT005,PRT006,2026-06-26,2026-07-21,2026-07-23,236,201,30.10,497.25,284.14,71.04,Partial
PO-00000173,SUP007,PLT001,PRT010,2025-09-22,2025-10-16,2025-10-24,329,329,25.50,503.37,335.58,251.69,Received
PO-00000174,SUP007,PLT006,PRT010,2025-12-05,2025-12-29,2025-12-28,1915,1915,25.50,976.65,1464.98,976.65,Received
PO-00000175,SUP007,PLT007,PRT010,2026-04-29,2026-05-23,2026-05-21,410,410,25.50,418.20,522.75,104.55,Received
PO-00000176,SUP007,PLT007,PRT010,2026-06-10,2026-07-04,2026-07-01,781,781,25.50,597.47,597.47,398.31,Received
PO-00000177,SUP007,PLT008,PRT010,2026-08-22,2026-09-15,2026-09-13,1415,1415,25.50,2164.95,360.83,360.83,Received
PO-00000178,SUP007,PLT008,PRT010,2026-07-03,2026-07-27,,1056,,25.50,1077.12,1346.40,269.28,Open
PO-00000179,SUP007,PLT002,PRT010,2025-09-26,2025-10-20,2025-10-18,642,642,25.50,1309.68,0.00,327.42,Received
PO-00000180,SUP007,PLT002,PRT010,2026-01-12,2026-02-05,2026-02-03,1043,1043,25.50,1063.86,797.90,265.97,Received
PO-00000181,SUP007,PLT003,PRT010,2025-10-05,2025-10-29,2025-10-29,276,276,25.50,422.28,281.52,140.76,Received
PO-00000182,SUP007,PLT003,PRT010,2026-05-13,2026-06-06,2026-06-06,1891,1891,25.50,2411.03,482.21,964.41,Received
PO-00000183,SUP007,PLT003,PRT010,2025-10-23,2025-11-16,2025-11-13,1516,1516,25.50,773.16,386.58,386.58,Received
PO-00000184,SUP007,PLT004,PRT010,2026-04-08,2026-05-02,2026-05-01,1741,1741,25.50,1331.87,2219.78,887.91,Received
PO-00000185,SUP007,PLT005,PRT010,2026-02-25,2026-03-21,2026-03-20,1839,1839,25.50,3751.56,468.95,468.95,Received
PO-00000186,SUP007,PLT005,PRT010,2026-07-19,2026-08-12,2026-08-11,1070,1070,25.50,1909.95,545.70,818.55,Received
PO-00000187,SUP008,PLT001,PRT007,2025-12-30,2026-01-11,2026-01-08,442,442,14.90,131.72,197.57,65.86,Received
PO-00000188,SUP008,PLT006,PRT007,2026-06-16,2026-06-28,2026-06-28,1047,1047,14.90,468.01,624.01,312.01,Received
PO-00000189,SUP008,PLT006,PRT007,2025-09-29,2025-10-11,2025-10-08,1379,1379,14.90,616.41,205.47,616.41,Received
PO-00000190,SUP008,PLT006,PRT007,2026-05-28,2026-06-09,2026-06-06,118,118,14.90,35.16,17.58,17.58,Received
PO-00000191,SUP008,PLT007,PRT007,2026-08-16,2026-08-28,2026-08-28,1772,1772,14.90,1056.11,792.08,264.03,Received
PO-00000192,SUP008,PLT007,PRT007,2026-04-26,2026-05-08,2026-05-15,1189,844,14.90,354.32,177.16,354.32,Partial
PO-00000193,SUP008,PLT002,PRT007,2026-08-14,2026-08-26,2026-08-24,755,755,14.90,449.98,449.98,112.50,Received
PO-00000194,SUP008,PLT003,PRT007,2026-01-11,2026-01-23,2026-01-23,1353,1353,14.90,1612.78,1007.99,403.19,Received
PO-00000195,SUP008,PLT003,PRT007,2026-03-16,2026-03-28,2026-03-26,1265,1265,14.90,1130.91,565.46,565.46,Received
PO-00000196,SUP008,PLT004,PRT007,2025-10-08,2025-10-20,2025-10-20,79,79,14.90,70.63,0.00,11.77,Received
PO-00000197,SUP008,PLT005,PRT007,2025-11-05,2025-11-17,2025-11-14,1257,1257,14.90,374.59,749.17,374.59,Received
PO-00000198,SUP008,PLT005,PRT007,2026-08-02,2026-08-14,2026-08-12,969,969,14.90,433.14,0.00,144.38,Received
PO-00000199,SUP008,PLT005,PRT007,2025-11-12,2025-11-24,2025-11-21,1721,1721,14.90,2051.43,769.29,769.29,Received
PO-00000200,SUP008,PLT001,PRT008,2025-10-06,2025-10-17,2025-10-15,1609,1609,49.80,4807.69,4006.41,801.28,Received
PO-00000201,SUP008,PLT001,PRT008,2026-07-18,2026-07-29,2026-07-27,661,661,49.80,1316.71,658.36,329.18,Received
PO-00000202,SUP008,PLT006,PRT008,2026-08-16,2026-08-27,2026-08-24,1871,1871,49.80,1863.52,4658.79,2795.27,Received
PO-00000203,SUP008,PLT006,PRT008,2026-03-15,2026-03-26,2026-03-26,1499,1499,49.80,4479.01,0.00,746.50,Received
PO-00000204,SUP008,PLT007,PRT008,2025-10-06,2025-10-17,,326,0,49.80,1298.78,487.04,487.04,Cancelled
PO-00000205,SUP008,PLT008,PRT008,2025-12-17,2025-12-28,2025-12-25,515,515,49.80,769.41,512.94,256.47,Received
PO-00000206,SUP008,PLT002,PRT008,2025-12-07,2025-12-18,2025-12-27,84,84,49.80,292.82,0.00,125.50,Received
PO-00000207,SUP008,PLT002,PRT008,2025-10-31,2025-11-11,2025-11-08,1555,1555,49.80,5420.73,774.39,2323.17,Received
PO-00000208,SUP008,PLT003,PRT008,2026-06-01,2026-06-12,,1733,0,49.80,1726.07,3452.14,2589.10,Cancelled
PO-00000209,SUP008,PLT003,PRT008,2026-03-08,2026-03-19,2026-03-19,500,500,49.80,1494.00,1245.00,747.00,Received
PO-00000210,SUP008,PLT003,PRT008,2026-03-17,2026-03-28,2026-03-26,954,954,49.80,1425.28,2375.46,1425.28,Received
PO-00000211,SUP008,PLT004,PRT008,2026-02-02,2026-02-13,2026-02-11,1965,1965,49.80,6849.99,2935.71,2935.71,Received
PO-00000212,SUP008,PLT004,PRT008,2025-11-18,2025-11-29,2025-11-27,1661,1661,49.80,4135.89,2481.53,827.18,Received
PO-00000213,SUP008,PLT005,PRT008,2026-07-19,2026-07-30,2026-07-28,1768,1768,49.80,7043.71,2641.39,2641.39,Received
PO-00000214,SUP009,PLT001,PRT004,2026-04-18,2026-04-23,,598,,8.10,387.50,242.19,145.31,Open
PO-00000215,SUP009,PLT001,PRT004,2026-07-03,2026-07-08,2026-07-08,1760,1760,8.10,427.68,0.00,285.12,Received
PO-00000216,SUP009,PLT006,PRT004,2026-02-09,2026-02-14,2026-02-17,898,844,8.10,581.90,72.74,145.48,Partial
PO-00000217,SUP009,PLT007,PRT004,2025-11-02,2025-11-07,2025-11-05,762,762,8.10,123.44,246.89,185.17,Received
PO-00000218,SUP009,PLT007,PRT004,2026-03-29,2026-04-03,2026-04-03,1081,1081,8.10,350.24,87.56,175.12,Received
PO-00000219,SUP009,PLT007,PRT004,2026-03-02,2026-03-07,2026-03-05,385,385,8.10,155.93,155.93,31.19,Received
PO-00000220,SUP009,PLT008,PRT004,2026-01-10,2026-01-15,2026-01-12,1517,1517,8.10,614.39,245.75,122.88,Received
PO-00000221,SUP009,PLT008,PRT004,2026-08-01,2026-08-06,2026-08-05,466,466,8.10,113.24,75.49,113.24,Received
PO-00000222,SUP009,PLT002,PRT004,2026-01-16,2026-01-21,2026-01-19,388,388,8.10,62.86,0.00,62.86,Received
PO-00000223,SUP009,PLT002,PRT004,2025-11-14,2025-11-19,2025-11-19,408,408,8.10,66.10,165.24,66.10,Received
PO-00000224,SUP009,PLT003,PRT004,2026-07-12,2026-07-17,2026-07-17,1186,1186,8.10,672.46,288.20,96.07,Received
PO-00000225,SUP009,PLT004,PRT004,2025-11-02,2025-11-07,,1567,,8.10,380.78,380.78,253.85,Open
PO-00000226,SUP009,PLT004,PRT004,2026-03-18,2026-03-23,,1417,,8.10,803.44,114.78,114.78,Open
PO-00000227,SUP009,PLT004,PRT004,2026-03-04,2026-03-09,2026-03-08,1234,1234,8.10,699.68,299.86,99.95,Received
PO-00000228,SUP009,PLT005,PRT004,2026-04-13,2026-04-18,2026-04-18,882,882,8.10,357.21,0.00,71.44,Received
PO-00000229,SUP009,PLT001,PRT009,2026-04-12,2026-04-16,2026-04-15,1035,1035,3.00,155.25,124.20,62.10,Received
PO-00000230,SUP009,PLT001,PRT009,2025-12-12,2025-12-16,2025-12-15,162,162,3.00,19.44,0.00,9.72,Received
PO-00000231,SUP009,PLT006,PRT009,2025-12-30,2026-01-03,,397,,3.00,59.55,11.91,11.91,Open
PO-00000232,SUP009,PLT006,PRT009,2026-02-06,2026-02-10,2026-02-11,1662,1662,3.00,249.30,149.58,49.86,Received
PO-00000233,SUP009,PLT007,PRT009,2026-01-15,2026-01-19,2026-01-17,1483,1483,3.00,311.43,177.96,133.47,Received
PO-00000234,SUP009,PLT008,PRT009,2026-05-18,2026-05-22,,1113,,3.00,166.95,100.17,33.39,Open
PO-00000235,SUP009,PLT008,PRT009,2026-09-10,2026-09-14,,647,0,3.00,116.46,77.64,19.41,Cancelled
PO-00000236,SUP009,PLT002,PRT009,2025-10-11,2025-10-15,2025-10-13,1099,1099,3.00,98.91,164.85,98.91,Received
PO-00000237,SUP009,PLT002,PRT009,2026-08-05,2026-08-09,,494,0,3.00,88.92,29.64,44.46,Cancelled
PO-00000238,SUP009,PLT003,PRT009,2026-02-12,2026-02-16,2026-02-25,79,75,3.00,14.22,11.85,7.11,Partial
PO-00000239,SUP009,PLT004,PRT009,2025-11-21,2025-11-25,2025-11-24,1526,1526,3.00,183.12,183.12,91.56,Received
PO-00000240,SUP009,PLT005,PRT009,2025-10-27,2025-10-31,2025-10-31,1542,1542,3.00,370.08,46.26,46.26,Received
PO-00000241,SUP009,PLT005,PRT009,2026-03-03,2026-03-07,,512,,3.00,122.88,46.08,46.08,Open
PO-00000242,SUP009,PLT001,PRT019,2025-09-29,2025-10-04,2025-10-02,911,911,4.30,78.35,78.35,78.35,Received
PO-00000243,SUP009,PLT006,PRT019,2025-11-08,2025-11-13,2025-11-11,588,588,4.30,151.70,101.14,75.85,Received
PO-00000244,SUP009,PLT006,PRT019,2025-10-26,2025-10-31,2025-10-30,150,150,4.30,38.70,19.35,12.90,Received
PO-00000245,SUP009,PLT007,PRT019,2026-08-29,2026-09-03,2026-09-03,896,896,4.30,115.58,154.11,38.53,Received
PO-00000246,SUP009,PLT008,PRT019,2026-05-04,2026-05-09,2026-05-16,153,119,4.30,26.32,32.90,6.58,Partial
PO-00000247,SUP009,PLT002,PRT019,2026-07-23,2026-07-28,2026-08-03,1020,1020,4.30,175.44,0.00,43.86,Received
PO-00000248,SUP009,PLT003,PRT019,2026-09-11,2026-09-16,2026-09-14,1216,1216,4.30,313.73,104.58,52.29,Received
PO-00000249,SUP009,PLT003,PRT019,2025-12-09,2025-12-14,2025-12-12,1870,1870,4.30,160.82,160.82,160.82,Received
PO-00000250,SUP009,PLT003,PRT019,2026-03-01,2026-03-06,2026-03-06,328,328,4.30,84.62,56.42,42.31,Received
PO-00000251,SUP009,PLT004,PRT019,2025-11-25,2025-11-30,2025-11-27,1921,1921,4.30,578.22,82.60,165.21,Received
PO-00000252,SUP009,PLT005,PRT019,2025-12-01,2025-12-06,2025-12-04,725,725,4.30,62.35,31.18,62.35,Received
PO-00000253,SUP009,PLT005,PRT019,2026-07-16,2026-07-21,,1031,,4.30,133.00,177.33,133.00,Open
PO-00000254,SUP009,PLT005,PRT019,2026-03-18,2026-03-23,,1906,,4.30,245.87,81.96,163.92,Open
PO-00000255,SUP010,PLT006,PRT005,2026-08-29,2026-09-13,2026-09-12,193,193,62.50,361.88,0.00,241.25,Received
PO-00000256,SUP010,PLT006,PRT005,2026-06-20,2026-07-05,,1392,0,62.50,6090.00,2610.00,2610.00,Cancelled
PO-00000257,SUP010,PLT007,PRT005,2026-01-05,2026-01-20,2026-01-17,1408,1408,62.50,5280.00,2640.00,1760.00,Received
PO-00000258,SUP010,PLT008,PRT005,2026-04-21,2026-05-06,2026-05-04,535,535,62.50,1337.50,1003.13,1003.13,Received
PO-00000259,SUP010,PLT008,PRT005,2025-12-15,2025-12-30,2026-01-01,794,572,62.50,2977.50,2481.25,1488.75,Partial
PO-00000260,SUP010,PLT002,PRT005,2026-04-20,2026-05-05,2026-05-05,1820,1820,62.50,4550.00,3412.50,1137.50,Received
PO-00000261,SUP010,PLT003,PRT005,2026-02-11,2026-02-26,2026-02-24,793,793,62.50,1982.50,0.00,1486.88,Received
PO-00000262,SUP010,PLT004,PRT005,2025-12-11,2025-12-26,,1742,,62.50,4355.00,5443.75,2177.50,Open
PO-00000263,SUP010,PLT001,PRT011,2026-07-22,2026-08-06,2026-08-06,1658,1658,74.20,2460.47,2460.47,1230.24,Received
PO-00000264,SUP010,PLT001,PRT011,2026-04-28,2026-05-13,2026-05-21,1923,1808,74.20,2853.73,7134.33,2853.73,Partial
PO-00000265,SUP010,PLT006,PRT011,2025-10-17,2025-11-01,,736,,74.20,2184.45,0.00,1638.34,Open
PO-00000266,SUP010,PLT007,PRT011,2026-06-27,2026-07-12,2026-07-10,931,931,74.20,4835.61,3454.01,690.80,Received
PO-00000267,SUP010,PLT007,PRT011,2025-10-13,2025-10-28,2025-10-25,621,621,74.20,2303.91,1382.35,460.78,Received
PO-00000268,SUP010,PLT008,PRT011,2026-06-15,2026-06-30,,1254,0,74.20,6513.28,930.47,1860.94,Cancelled
PO-00000269,SUP010,PLT002,PRT011,2025-12-18,2026-01-02,2026-01-11,299,281,74.20,665.57,1109.29,221.86,Partial
PO-00000270,SUP010,PLT003,PRT011,2025-12-25,2026-01-09,2026-01-09,799,799,74.20,1778.57,1185.72,1185.72,Received
PO-00000271,SUP010,PLT003,PRT011,2026-06-08,2026-06-23,2026-06-20,678,678,74.20,1006.15,1006.15,1006.15,Received
PO-00000272,SUP010,PLT003,PRT011,2025-10-10,2025-10-25,2025-10-24,893,893,74.20,1325.21,0.00,1987.82,Received
PO-00000273,SUP010,PLT004,PRT011,2025-12-13,2025-12-28,2025-12-26,368,368,74.20,1911.39,546.11,546.11,Received
PO-00000274,SUP010,PLT005,PRT011,2025-11-21,2025-12-06,2025-12-13,1890,1890,74.20,5609.52,4207.14,4207.14,Received
PO-00000275,SUP010,PLT005,PRT011,2026-07-22,2026-08-06,2026-08-10,1649,1649,74.20,2447.12,3670.67,2447.12,Received
PO-00000276,SUP010,PLT001,PRT013,2025-11-04,2025-11-18,2025-11-17,917,917,39.80,729.93,729.93,364.97,Received
PO-00000277,SUP010,PLT001,PRT013,2025-10-29,2025-11-12,2025-11-10,832,832,39.80,662.27,1324.54,662.27,Received
PO-00000278,SUP010,PLT006,PRT013,2026-04-26,2026-05-10,2026-05-13,1841,1657,39.80,4396.31,1465.44,2198.15,Partial
PO-00000279,SUP010,PLT006,PRT013,2025-10-18,2025-11-01,2025-10-31,514,514,39.80,1636.58,1022.86,409.14,Received
PO-00000280,SUP010,PLT007,PRT013,2026-04-02,2026-04-16,2026-04-16,378,378,39.80,1053.11,752.22,150.44,Received
PO-00000281,SUP010,PLT007,PRT013,2026-05-15,2026-05-29,2026-05-28,432,432,39.80,1375.49,171.94,171.94,Received
PO-00000282,SUP010,PLT008,PRT013,2025-12-07,2025-12-21,2025-12-20,1844,1844,39.80,4403.47,2935.65,1467.82,Received
PO-00000283,SUP010,PLT008,PRT013,2025-11-23,2025-12-07,2025-12-04,157,157,39.80,124.97,249.94,187.46,Received
PO-00000284,SUP010,PLT008,PRT013,2026-07-21,2026-08-04,2026-08-04,726,726,39.80,1444.74,0.00,866.84,Received
PO-00000285,SUP010,PLT003,PRT013,2026-04-13,2026-04-27,2026-04-26,314,314,39.80,874.80,374.92,124.97,Received
PO-00000286,SUP010,PLT004,PRT013,2026-05-23,2026-06-06,2026-06-04,888,888,39.80,1767.12,706.85,1060.27,Received
PO-00000287,SUP010,PLT005,PRT013,2025-09-27,2025-10-11,2025-10-09,1433,1433,39.80,2851.67,570.33,1711.00,Received
PO-00000288,SUP010,PLT005,PRT013,2025-11-06,2025-11-20,2025-11-30,1126,1126,39.80,1792.59,896.30,1344.44,Received
PO-00000289,SUP010,PLT005,PRT013,2026-01-13,2026-01-27,2026-01-26,1396,1396,39.80,2778.04,2778.04,1666.82,Received
PO-00000290,SUP011,PLT001,PRT014,2026-02-28,2026-03-20,2026-03-19,1745,1745,88.00,4606.80,0.00,3071.20,Received
PO-00000291,SUP011,PLT001,PRT014,2026-04-16,2026-05-06,,58,0,88.00,204.16,255.20,102.08,Cancelled
PO-00000292,SUP011,PLT006,PRT014,2025-09-25,2025-10-15,2025-10-13,1862,1862,88.00,6554.24,6554.24,3277.12,Received
PO-00000293,SUP011,PLT007,PRT014,2025-10-09,2025-10-29,2025-10-29,1337,1337,88.00,4706.24,2353.12,1176.56,Received
PO-00000294,SUP011,PLT007,PRT014,2025-12-17,2026-01-06,2026-01-04,272,272,88.00,718.08,239.36,478.72,Received
PO-00000295,SUP011,PLT008,PRT014,2025-12-03,2025-12-23,2025-12-23,87,87,88.00,153.12,306.24,153.12,Received
PO-00000296,SUP011,PLT002,PRT014,2026-06-01,2026-06-21,2026-06-19,543,543,88.00,1433.52,955.68,955.68,Received
PO-00000297,SUP011,PLT002,PRT014,2025-11-05,2025-11-25,2025-11-24,1715,1715,88.00,9055.20,6036.80,4527.60,Received
PO-00000298,SUP011,PLT003,PRT014,2026-04-16,2026-05-06,2026-05-05,484,484,88.00,2555.52,851.84,1277.76,Received
PO-00000299,SUP011,PLT003,PRT014,2026-05-17,2026-06-06,2026-06-04,1150,1150,88.00,5060.00,3036.00,1012.00,Received
PO-00000300,SUP011,PLT004,PRT014,2025-10-30,2025-11-19,2025-11-17,230,230,88.00,607.20,0.00,607.20,Received
PO-00000301,SUP011,PLT004,PRT014,2025-10-17,2025-11-06,2025-11-12,1862,1471,88.00,13108.48,0.00,4915.68,Partial
PO-00000302,SUP011,PLT005,PRT014,2026-08-23,2026-09-12,,289,,88.00,508.64,0.00,254.32,Open
PO-00000303,SUP012,PLT001,PRT009,2026-06-16,2026-07-08,2026-07-05,593,593,3.10,55.15,55.15,36.77,Received
PO-00000304,SUP012,PLT006,PRT009,2026-02-02,2026-02-24,2026-02-21,1675,1675,3.10,207.70,259.63,103.85,Received
PO-00000305,SUP012,PLT007,PRT009,2026-05-07,2026-05-29,2026-05-29,157,157,3.10,19.47,19.47,4.87,Received
PO-00000306,SUP012,PLT008,PRT009,2026-05-05,2026-05-27,2026-05-24,417,417,3.10,64.64,38.78,25.85,Received
PO-00000307,SUP012,PLT002,PRT009,2026-01-15,2026-02-06,2026-02-04,263,263,3.10,57.07,32.61,24.46,Received
PO-00000308,SUP012,PLT002,PRT009,2026-01-03,2026-01-25,2026-01-24,843,843,3.10,156.80,130.67,52.27,Received
PO-00000309,SUP012,PLT003,PRT009,2026-07-25,2026-08-16,2026-08-15,872,872,3.10,216.26,0.00,27.03,Received
PO-00000310,SUP012,PLT004,PRT009,2026-08-10,2026-09-01,2026-08-30,1513,1513,3.10,328.32,0.00,93.81,Received
PO-00000311,SUP012,PLT004,PRT009,2026-01-20,2026-02-11,2026-02-10,1726,1726,3.10,428.05,107.01,107.01,Received
PO-00000312,SUP012,PLT005,PRT009,2026-06-07,2026-06-29,,501,,3.10,77.66,77.66,15.53,Open
PO-00000313,SUP012,PLT005,PRT009,2026-03-19,2026-04-10,2026-04-10,1854,1854,3.10,229.90,287.37,57.47,Received
PO-00000314,SUP012,PLT001,PRT019,2025-11-16,2025-12-07,,1498,0,4.60,206.72,137.82,206.72,Cancelled
PO-00000315,SUP012,PLT001,PRT019,2026-09-04,2026-09-25,2026-09-22,449,449,4.60,82.62,20.65,20.65,Received
PO-00000316,SUP012,PLT006,PRT019,2026-01-03,2026-01-24,2026-01-22,1931,1931,4.60,355.30,266.48,266.48,Received
PO-00000317,SUP012,PLT006,PRT019,2025-10-29,2025-11-19,2025-11-25,364,364,4.60,33.49,0.00,33.49,Received
PO-00000318,SUP012,PLT006,PRT019,2026-07-08,2026-07-29,2026-07-27,72,72,4.60,16.56,0.00,3.31,Received
PO-00000319,SUP012,PLT007,PRT019,2026-02-15,2026-03-08,2026-03-07,975,975,4.60,269.10,44.85,134.55,Received
PO-00000320,SUP012,PLT007,PRT019,2026-03-23,2026-04-13,2026-04-12,1931,1931,4.60,621.78,444.13,88.83,Received
PO-00000321,SUP012,PLT008,PRT019,2026-03-30,2026-04-20,2026-04-19,1607,1607,4.60,591.38,0.00,73.92,Received
PO-00000322,SUP012,PLT008,PRT019,2025-12-21,2026-01-11,2026-01-10,69,69,4.60,9.52,0.00,6.35,Received
PO-00000323,SUP012,PLT002,PRT019,2026-03-24,2026-04-14,2026-04-13,1838,1838,4.60,253.64,169.10,169.10,Received
PO-00000324,SUP012,PLT002,PRT019,2026-06-14,2026-07-05,2026-07-04,1866,1866,4.60,257.51,0.00,257.51,Received
PO-00000325,SUP012,PLT004,PRT019,2025-12-08,2025-12-29,2025-12-28,1888,1888,4.60,607.94,86.85,173.70,Received
PO-00000326,SUP013,PLT001,PRT003,2026-06-06,2026-06-15,2026-06-13,1502,1502,175.00,10514.00,13142.50,7885.50,Received
PO-00000327,SUP013,PLT001,PRT003,2026-02-23,2026-03-04,2026-03-02,1256,1256,175.00,8792.00,4396.00,4396.00,Received
PO-00000328,SUP013,PLT006,PRT003,2025-10-24,2025-11-02,2025-10-31,1949,1949,175.00,13643.00,13643.00,6821.50,Received
PO-00000329,SUP013,PLT006,PRT003,2025-10-25,2025-11-03,2025-11-02,708,708,175.00,3717.00,6195.00,3717.00,Received
PO-00000330,SUP013,PLT007,PRT003,2026-03-20,2026-03-29,2026-03-28,1132,1132,175.00,9905.00,1981.00,3962.00,Received
PO-00000331,SUP013,PLT007,PRT003,2026-03-30,2026-04-08,2026-04-08,1203,1203,175.00,14736.75,4210.50,2105.25,Received
PO-00000332,SUP013,PLT008,PRT003,2026-02-23,2026-03-04,2026-03-03,181,181,175.00,2534.00,0.00,950.25,Received
PO-00000333,SUP013,PLT008,PRT003,2026-06-07,2026-06-16,2026-06-20,482,419,175.00,5904.50,4217.50,1687.00,Partial
PO-00000334,SUP013,PLT002,PRT003,2026-07-18,2026-07-27,2026-07-27,1468,1468,175.00,17983.00,12845.00,2569.00,Received
PO-00000335,SUP013,PLT003,PRT003,2025-10-05,2025-10-14,2025-10-13,744,744,175.00,5208.00,1302.00,1302.00,Received
PO-00000336,SUP013,PLT003,PRT003,2026-07-16,2026-07-25,2026-07-23,280,280,175.00,3920.00,1470.00,1470.00,Received
PO-00000337,SUP013,PLT004,PRT003,2026-01-18,2026-01-27,2026-01-25,1378,1378,175.00,19292.00,2411.50,2411.50,Received
PO-00000338,SUP013,PLT004,PRT003,2026-01-04,2026-01-13,2026-01-12,1770,1770,175.00,18585.00,6195.00,6195.00,Received
PO-00000339,SUP013,PLT005,PRT003,2026-07-27,2026-08-05,2026-08-04,1472,1472,175.00,12880.00,2576.00,2576.00,Received
PO-00000340,SUP013,PLT005,PRT003,2025-11-16,2025-11-25,2025-11-22,357,357,175.00,1874.25,3123.75,624.75,Received
PO-00000341,SUP013,PLT001,PRT012,2026-03-17,2026-03-25,2026-03-22,1402,1402,20.50,1437.05,862.23,287.41,Received
PO-00000342,SUP013,PLT001,PRT012,2025-12-23,2025-12-31,2026-01-08,275,275,20.50,451.00,112.75,56.38,Received
PO-00000343,SUP013,PLT006,PRT012,2025-11-25,2025-12-03,,1104,,20.50,452.64,452.64,678.96,Open
PO-00000344,SUP013,PLT007,PRT012,2026-02-15,2026-02-23,2026-03-04,1048,1048,20.50,1718.72,644.52,429.68,Received
PO-00000345,SUP013,PLT008,PRT012,2025-12-26,2026-01-03,2026-01-02,622,622,20.50,892.57,510.04,382.53,Received
PO-00000346,SUP013,PLT002,PRT012,2026-06-12,2026-06-20,2026-06-22,1111,1000,20.50,1594.29,0.00,227.76,Partial
PO-00000347,SUP013,PLT002,PRT012,2026-07-02,2026-07-10,,1515,,20.50,1863.45,1552.88,931.73,Open
PO-00000348,SUP013,PLT003,PRT012,2025-11-22,2025-11-30,2025-11-30,398,398,20.50,652.72,407.95,163.18,Received
PO-00000349,SUP013,PLT003,PRT012,2026-07-24,2026-08-01,,1690,0,20.50,2425.15,692.90,692.90,Cancelled
PO-00000350,SUP013,PLT003,PRT012,2025-12-31,2026-01-08,2026-01-13,157,157,20.50,225.30,0.00,96.56,Received
PO-00000351,SUP013,PLT004,PRT012,2026-06-25,2026-07-03,2026-07-02,1561,1561,20.50,1600.03,1280.02,640.01,Received
PO-00000352,SUP013,PLT004,PRT012,2026-03-01,2026-03-09,2026-03-07,1005,1005,20.50,618.08,618.08,412.05,Received
PO-00000353,SUP013,PLT005,PRT012,2025-11-10,2025-11-18,2025-11-17,1133,1133,20.50,1625.86,0.00,696.80,Received
PO-00000354,SUP013,PLT005,PRT012,2025-11-08,2025-11-16,2025-11-16,1478,1478,20.50,2120.93,0.00,605.98,Received
PO-00000355,SUP013,PLT001,PRT020,2026-06-16,2026-06-23,2026-06-21,956,956,2.60,124.28,0.00,49.71,Received
PO-00000356,SUP013,PLT006,PRT020,2026-07-07,2026-07-14,,1537,,2.60,119.89,39.96,39.96,Open
PO-00000357,SUP013,PLT006,PRT020,2026-08-10,2026-08-17,2026-08-15,786,786,2.60,102.18,61.31,61.31,Received
PO-00000358,SUP013,PLT008,PRT020,2025-12-10,2025-12-17,2025-12-15,926,926,2.60,72.23,0.00,72.23,Received
PO-00000359,SUP013,PLT002,PRT020,2025-10-10,2025-10-17,2025-10-15,1932,1932,2.60,251.16,251.16,100.46,Received
PO-00000360,SUP013,PLT002,PRT020,2026-01-29,2026-02-05,2026-02-06,109,109,2.60,5.67,8.50,5.67,Received
PO-00000361,SUP013,PLT002,PRT020,2026-03-19,2026-03-26,,1787,0,2.60,185.85,46.46,92.92,Cancelled
PO-00000362,SUP013,PLT003,PRT020,2026-04-08,2026-04-15,2026-04-13,549,549,2.60,42.82,57.10,14.27,Received
PO-00000363,SUP013,PLT003,PRT020,2025-10-27,2025-11-03,2025-11-02,1890,1890,2.60,343.98,147.42,49.14,Received
PO-00000364,SUP013,PLT004,PRT020,2025-11-28,2025-12-05,2025-12-02,1465,1465,2.60,228.54,114.27,76.18,Received
PO-00000365,SUP013,PLT004,PRT020,2026-02-12,2026-02-19,2026-02-19,1762,1762,2.60,274.87,183.25,45.81,Received
PO-00000366,SUP014,PLT006,PRT007,2026-02-11,2026-02-22,2026-02-21,1853,1853,15.40,856.09,856.09,285.36,Received
PO-00000367,SUP014,PLT007,PRT007,2026-05-27,2026-06-07,2026-06-04,508,508,15.40,625.86,156.46,156.46,Received
PO-00000368,SUP014,PLT007,PRT007,2026-06-15,2026-06-26,2026-06-25,221,221,15.40,170.17,0.00,68.07,Received
PO-00000369,SUP014,PLT008,PRT007,2026-05-08,2026-05-19,2026-05-18,580,580,15.40,446.60,446.60,89.32,Received
PO-00000370,SUP014,PLT002,PRT007,2025-12-19,2025-12-30,2025-12-29,502,502,15.40,618.46,77.31,154.62,Received
PO-00000371,SUP014,PLT002,PRT007,2025-10-11,2025-10-22,2025-10-20,428,428,15.40,263.65,197.74,197.74,Received
PO-00000372,SUP014,PLT003,PRT007,2025-10-17,2025-10-28,2025-10-25,1204,1204,15.40,927.08,927.08,185.42,Received
PO-00000373,SUP014,PLT004,PRT007,2026-07-03,2026-07-14,2026-07-14,624,624,15.40,672.67,96.10,96.10,Received
PO-00000374,SUP014,PLT004,PRT007,2026-02-17,2026-02-28,2026-02-25,1083,1083,15.40,833.91,833.91,500.35,Received
PO-00000375,SUP014,PLT005,PRT007,2026-07-05,2026-07-16,2026-07-13,1667,1667,15.40,1026.87,1283.59,770.15,Received
PO-00000376,SUP014,PLT005,PRT007,2026-07-07,2026-07-18,2026-07-18,317,317,15.40,195.27,244.09,146.45,Received
PO-00000377,SUP014,PLT005,PRT007,2026-03-26,2026-04-06,2026-04-03,779,779,15.40,839.76,119.97,239.93,Received
PO-00000378,SUP014,PLT001,PRT012,2026-01-19,2026-01-29,2026-01-28,1910,1910,21.30,1627.32,1627.32,813.66,Received
PO-00000379,SUP014,PLT006,PRT012,2026-01-31,2026-02-10,2026-02-07,1396,1396,21.30,892.04,892.04,594.70,Received
PO-00000380,SUP014,PLT007,PRT012,2026-08-18,2026-08-28,2026-08-26,1618,1618,21.30,1378.54,344.63,689.27,Received
PO-00000381,SUP014,PLT007,PRT012,2026-07-01,2026-07-11,2026-07-09,455,455,21.30,484.58,484.58,96.92,Received
PO-00000382,SUP014,PLT008,PRT012,2025-12-23,2026-01-02,2026-01-02,1410,1410,21.30,1801.98,300.33,600.66,Received
PO-00000383,SUP014,PLT008,PRT012,2026-01-05,2026-01-15,2026-01-13,1290,1290,21.30,1373.85,1099.08,824.31,Received
PO-00000384,SUP014,PLT008,PRT012,2025-12-25,2026-01-04,2026-01-02,263,263,21.30,224.08,224.08,112.04,Received
PO-00000385,SUP014,PLT002,PRT012,2025-12-20,2025-12-30,,1188,,21.30,506.09,0.00,759.13,Open
PO-00000386,SUP014,PLT003,PRT012,2026-05-09,2026-05-19,2026-05-17,837,837,21.30,891.41,713.12,356.56,Received
PO-00000387,SUP014,PLT004,PRT012,2026-01-30,2026-02-09,2026-02-08,1124,1124,21.30,718.24,957.65,239.41,Received
PO-00000388,SUP014,PLT004,PRT012,2026-05-14,2026-05-24,2026-05-23,1679,1679,21.30,2861.02,1788.14,1072.88,Received
PO-00000389,SUP014,PLT005,PRT012,2026-08-14,2026-08-24,2026-08-22,861,861,21.30,550.18,366.79,366.79,Received
PO-00000390,SUP015,PLT001,PRT005,2026-03-29,2026-04-17,2026-04-21,901,901,55.80,1005.52,502.76,502.76,Received
PO-00000391,SUP015,PLT001,PRT005,2026-03-03,2026-03-22,2026-03-21,518,518,55.80,2312.35,1445.22,289.04,Received
PO-00000392,SUP015,PLT001,PRT005,2026-03-08,2026-03-27,,1833,,55.80,4091.26,2045.63,3068.44,Open
PO-00000393,SUP015,PLT006,PRT005,2026-03-25,2026-04-13,2026-04-12,1997,1997,55.80,8914.61,1114.33,1114.33,Received
PO-00000394,SUP015,PLT007,PRT005,2025-10-13,2025-11-01,,266,,55.80,742.14,593.71,296.86,Open
PO-00000395,SUP015,PLT007,PRT005,2026-07-24,2026-08-12,2026-08-17,469,333,55.80,523.40,785.11,523.40,Partial
PO-00000396,SUP015,PLT008,PRT005,2026-06-24,2026-07-13,2026-07-12,304,304,55.80,678.53,848.16,169.63,Received
PO-00000397,SUP015,PLT002,PRT005,2025-10-22,2025-11-10,2025-11-18,1040,842,55.80,1740.96,0.00,1740.96,Partial
PO-00000398,SUP015,PLT002,PRT005,2026-01-17,2026-02-05,2026-02-14,796,796,55.80,888.34,2220.84,444.17,Received
PO-00000399,SUP015,PLT003,PRT005,2026-01-16,2026-02-04,2026-02-01,1500,1500,55.80,3348.00,0.00,1674.00,Received
PO-00000400,SUP015,PLT003,PRT005,2025-09-20,2025-10-09,2025-10-07,533,533,55.80,1487.07,1189.66,594.83,Received
PO-00000401,SUP015,PLT004,PRT005,2026-07-11,2026-07-30,2026-07-27,528,528,55.80,2356.99,294.62,589.25,Received
PO-00000402,SUP015,PLT004,PRT005,2026-07-19,2026-08-07,2026-08-04,215,215,55.80,599.85,479.88,239.94,Received
PO-00000403,SUP015,PLT001,PRT011,2025-10-23,2025-11-10,2025-11-10,827,827,72.00,1786.32,1190.88,1786.32,Received
PO-00000404,SUP015,PLT006,PRT011,2026-01-05,2026-01-23,2026-01-22,1526,1526,72.00,6592.32,1098.72,2197.44,Received
PO-00000405,SUP015,PLT007,PRT011,2025-11-24,2025-12-12,2025-12-10,885,885,72.00,4460.40,637.20,637.20,Received
PO-00000406,SUP015,PLT008,PRT011,2025-10-06,2025-10-24,2025-10-22,462,462,72.00,997.92,1330.56,665.28,Received
PO-00000407,SUP015,PLT002,PRT011,2025-10-18,2025-11-05,2025-11-04,1484,1484,72.00,6410.88,2136.96,1068.48,Received
PO-00000408,SUP015,PLT002,PRT011,2026-07-02,2026-07-20,2026-07-20,1196,1196,72.00,5166.72,4305.60,861.12,Received
PO-00000409,SUP015,PLT003,PRT011,2026-08-24,2026-09-11,2026-09-08,257,257,72.00,1295.28,555.12,185.04,Received
PO-00000410,SUP015,PLT003,PRT011,2026-01-10,2026-01-28,2026-01-28,711,711,72.00,2047.68,0.00,1023.84,Received
PO-00000411,SUP015,PLT004,PRT011,2025-09-27,2025-10-15,2025-10-15,1581,1581,72.00,7968.24,3414.96,2276.64,Received
PO-00000412,SUP015,PLT004,PRT011,2026-01-21,2026-02-08,2026-02-08,817,817,72.00,2941.20,1764.72,588.24,Received
PO-00000413,SUP015,PLT004,PRT011,2026-01-12,2026-01-30,2026-01-29,181,181,72.00,260.64,390.96,260.64,Received
PO-00000414,SUP015,PLT005,PRT011,2026-03-03,2026-03-21,2026-03-20,805,805,72.00,4636.80,1159.20,1159.20,Received
PO-00000415,SUP015,PLT001,PRT018,2026-03-05,2026-03-22,2026-03-21,610,610,26.50,484.95,323.30,161.65,Received
PO-00000416,SUP015,PLT001,PRT018,2025-12-30,2026-01-16,2026-01-13,1943,1943,26.50,3089.37,0.00,1544.69,Received
PO-00000417,SUP015,PLT006,PRT018,2026-09-06,2026-09-23,2026-09-21,1999,1999,26.50,3708.15,1589.21,529.74,Received
PO-00000418,SUP015,PLT006,PRT018,2026-08-29,2026-09-15,2026-09-13,62,62,26.50,131.44,32.86,49.29,Received
PO-00000419,SUP015,PLT007,PRT018,2025-09-23,2025-10-10,2025-10-07,1654,1654,26.50,2191.55,0.00,438.31,Received
PO-00000420,SUP015,PLT007,PRT018,2026-02-05,2026-02-22,2026-02-22,1779,1779,26.50,1885.74,942.87,471.44,Received
PO-00000421,SUP015,PLT008,PRT018,2026-07-27,2026-08-13,2026-08-11,1183,1183,26.50,2194.47,313.50,626.99,Received
PO-00000422,SUP015,PLT008,PRT018,2026-02-19,2026-03-08,2026-03-05,1564,1564,26.50,3315.68,1657.84,414.46,Received
PO-00000423,SUP015,PLT002,PRT018,2026-05-13,2026-05-30,2026-05-27,475,475,26.50,755.25,125.88,377.63,Received
PO-00000424,SUP015,PLT002,PRT018,2025-10-23,2025-11-09,2025-11-08,1420,1420,26.50,1505.20,1505.20,752.60,Received
PO-00000425,SUP015,PLT003,PRT018,2026-05-11,2026-05-28,2026-05-28,761,761,26.50,806.66,1008.33,201.67,Received
PO-00000426,SUP015,PLT004,PRT018,2025-12-25,2026-01-11,2026-01-09,1258,1258,26.50,2000.22,0.00,1000.11,Received
PO-00000427,SUP015,PLT004,PRT018,2026-09-01,2026-09-18,2026-09-16,1496,1496,26.50,1189.32,396.44,792.88,Received
PO-00000428,SUP015,PLT005,PRT018,2026-06-06,2026-06-23,2026-06-23,1833,1833,26.50,3400.22,2428.73,1457.24,Received
