ORDER_ID,CUSTOMER_ID,ORDER_DATE,REQUESTED_DATE,STATUS
SO-00000001,CUS009,2026-07-05,2026-07-27,Delivered
SO-00000002,CUS017,2026-03-15,2026-04-10,Delivered
SO-00000003,CUS002,2026-05-02,2026-05-27,Delivered
SO-00000004,CUS003,2026-03-26,2026-04-24,Shipped
SO-00000005,CUS002,2026-05-08,2026-05-31,Delivered
SO-00000006,CUS007,2026-06-08,2026-06-18,Delivered
SO-00000007,CUS016,2026-05-14,2026-06-07,Shipped
SO-00000008,CUS016,2026-02-02,2026-02-25,Delivered
SO-00000009,CUS016,2026-06-05,2026-06-14,Delivered
SO-00000010,CUS012,2026-05-01,2026-05-12,Delivered
SO-00000011,CUS007,2026-03-20,2026-04-05,Delivered
SO-00000012,CUS010,2026-03-10,2026-03-15,Delivered
SO-00000013,CUS004,2026-06-22,2026-07-03,Delivered
SO-00000014,CUS002,2026-01-03,2026-01-11,Delivered
SO-00000015,CUS011,2026-05-01,2026-05-14,Delivered
SO-00000016,CUS018,2026-02-12,2026-03-04,Delivered
SO-00000017,CUS019,2026-03-24,2026-04-15,Delivered
SO-00000018,CUS013,2026-06-03,2026-06-23,Delivered
SO-00000019,CUS009,2026-01-03,2026-01-16,Open
SO-00000020,CUS010,2026-06-01,2026-06-21,Delivered
SO-00000021,CUS019,2026-06-26,2026-07-03,Delivered
SO-00000022,CUS008,2026-01-16,2026-02-05,Delivered
SO-00000023,CUS017,2025-12-17,2026-01-03,Delivered
SO-00000024,CUS020,2025-10-19,2025-11-10,Delivered
SO-00000025,CUS007,2026-01-15,2026-02-12,Delivered
SO-00000026,CUS008,2025-11-06,2025-11-18,Delivered
SO-00000027,CUS003,2026-06-28,2026-07-14,Delivered
SO-00000028,CUS012,2026-08-27,2026-09-20,Open
SO-00000029,CUS019,2026-07-20,2026-08-07,Open
SO-00000030,CUS007,2026-04-03,2026-04-09,Shipped
SO-00000031,CUS009,2025-12-21,2026-01-12,Delivered
SO-00000032,CUS014,2026-03-12,2026-04-08,Delivered
SO-00000033,CUS016,2025-11-27,2025-12-12,Delivered
SO-00000034,CUS016,2026-04-09,2026-04-28,Delivered
SO-00000035,CUS006,2025-11-05,2025-11-30,Delivered
SO-00000036,CUS011,2026-08-07,2026-08-15,Delivered
SO-00000037,CUS006,2026-04-29,2026-05-14,Delivered
SO-00000038,CUS007,2026-03-04,2026-03-11,Delivered
SO-00000039,CUS017,2026-06-29,2026-07-04,Delivered
SO-00000040,CUS014,2025-10-09,2025-11-01,Delivered
SO-00000041,CUS002,2026-01-16,2026-02-05,Delivered
SO-00000042,CUS008,2026-06-02,2026-06-19,Delivered
SO-00000043,CUS010,2026-01-28,2026-02-20,Delivered
SO-00000044,CUS001,2025-10-29,2025-11-11,Delivered
SO-00000045,CUS013,2026-03-09,2026-03-28,Delivered
SO-00000046,CUS020,2026-06-15,2026-07-01,Delivered
SO-00000047,CUS013,2026-08-16,2026-09-05,Delivered
SO-00000048,CUS007,2026-07-30,2026-08-13,Delivered
SO-00000049,CUS013,2026-04-12,2026-05-01,Delivered
SO-00000050,CUS011,2026-02-06,2026-03-06,Delivered
SO-00000051,CUS015,2026-01-12,2026-01-25,Delivered
SO-00000052,CUS018,2026-05-18,2026-05-30,Delivered
SO-00000053,CUS016,2025-12-26,2026-01-14,Delivered
SO-00000054,CUS017,2025-10-31,2025-11-10,Delivered
SO-00000055,CUS003,2025-09-20,2025-09-25,Open
SO-00000056,CUS009,2026-04-12,2026-04-29,Delivered
SO-00000057,CUS014,2026-04-15,2026-04-23,Delivered
SO-00000058,CUS017,2025-10-07,2025-10-12,Delivered
SO-00000059,CUS019,2026-01-25,2026-02-22,Delivered
SO-00000060,CUS019,2025-10-11,2025-10-27,Delivered
SO-00000061,CUS018,2026-08-05,2026-09-02,Delivered
SO-00000062,CUS006,2026-06-19,2026-06-26,Open
SO-00000063,CUS010,2025-12-21,2026-01-18,Delivered
SO-00000064,CUS001,2026-02-04,2026-03-02,Delivered
SO-00000065,CUS011,2026-05-31,2026-06-17,Delivered
SO-00000066,CUS003,2026-08-28,2026-09-14,Delivered
SO-00000067,CUS018,2025-11-04,2025-11-09,Delivered
SO-00000068,CUS009,2026-01-19,2026-02-04,Delivered
SO-00000069,CUS019,2026-03-20,2026-04-13,Cancelled
SO-00000070,CUS010,2026-04-13,2026-04-25,Delivered
SO-00000071,CUS002,2026-06-21,2026-07-04,Shipped
SO-00000072,CUS004,2026-09-08,2026-10-04,Delivered
SO-00000073,CUS002,2026-05-29,2026-06-25,Delivered
SO-00000074,CUS016,2025-11-18,2025-12-13,Delivered
SO-00000075,CUS019,2026-06-20,2026-07-19,Delivered
SO-00000076,CUS004,2026-05-08,2026-05-26,Delivered
SO-00000077,CUS005,2025-10-31,2025-11-28,Delivered
SO-00000078,CUS005,2025-11-25,2025-12-14,Delivered
SO-00000079,CUS016,2026-03-13,2026-03-31,Delivered
SO-00000080,CUS011,2026-04-26,2026-05-14,Delivered
SO-00000081,CUS008,2026-07-27,2026-08-12,Shipped
SO-00000082,CUS005,2026-05-06,2026-05-19,Delivered
SO-00000083,CUS015,2026-08-07,2026-08-23,Delivered
SO-00000084,CUS009,2026-06-03,2026-06-12,Delivered
SO-00000085,CUS012,2025-12-27,2026-01-12,Delivered
SO-00000086,CUS020,2026-05-26,2026-06-07,Delivered
SO-00000087,CUS016,2026-03-25,2026-04-19,Delivered
SO-00000088,CUS003,2025-11-06,2025-11-27,Delivered
SO-00000089,CUS012,2026-06-19,2026-07-01,Delivered
SO-00000090,CUS012,2026-07-25,2026-08-23,Shipped
SO-00000091,CUS010,2026-08-24,2026-09-08,Delivered
SO-00000092,CUS015,2026-02-15,2026-03-16,Delivered
SO-00000093,CUS007,2025-11-17,2025-12-15,Delivered
SO-00000094,CUS011,2026-02-18,2026-03-07,Delivered
SO-00000095,CUS015,2026-04-26,2026-05-02,Open
SO-00000096,CUS001,2025-10-09,2025-10-17,Delivered
SO-00000097,CUS005,2026-04-16,2026-04-22,Delivered
SO-00000098,CUS015,2026-04-24,2026-05-20,Delivered
SO-00000099,CUS001,2026-03-09,2026-03-16,Cancelled
SO-00000100,CUS006,2025-12-31,2026-01-09,Delivered
SO-00000101,CUS002,2026-07-09,2026-07-20,Delivered
SO-00000102,CUS010,2026-06-21,2026-07-21,Delivered
SO-00000103,CUS010,2026-08-27,2026-09-26,Delivered
SO-00000104,CUS004,2026-02-06,2026-02-23,Delivered
SO-00000105,CUS015,2026-07-19,2026-08-15,Delivered
SO-00000106,CUS018,2025-10-09,2025-10-20,Delivered
SO-00000107,CUS004,2025-10-28,2025-11-09,Delivered
SO-00000108,CUS006,2026-03-16,2026-03-28,Delivered
SO-00000109,CUS005,2026-01-17,2026-02-09,Delivered
SO-00000110,CUS010,2026-07-23,2026-08-05,Delivered
SO-00000111,CUS011,2026-01-01,2026-01-26,Delivered
SO-00000112,CUS018,2026-04-07,2026-04-18,Delivered
SO-00000113,CUS009,2026-05-18,2026-06-11,Delivered
SO-00000114,CUS007,2026-02-04,2026-02-23,Shipped
SO-00000115,CUS005,2026-01-09,2026-01-28,Cancelled
SO-00000116,CUS007,2026-06-29,2026-07-09,Delivered
SO-00000117,CUS015,2025-10-22,2025-11-18,Delivered
SO-00000118,CUS007,2026-01-23,2026-02-18,Delivered
SO-00000119,CUS005,2026-07-21,2026-07-28,Delivered
SO-00000120,CUS011,2026-06-20,2026-07-06,Delivered
SO-00000121,CUS017,2025-10-08,2025-11-05,Delivered
SO-00000122,CUS016,2026-01-06,2026-01-25,Delivered
SO-00000123,CUS005,2026-05-22,2026-05-31,Cancelled
SO-00000124,CUS017,2025-12-30,2026-01-27,Delivered
SO-00000125,CUS009,2025-09-15,2025-10-14,Cancelled
SO-00000126,CUS020,2026-07-06,2026-07-14,Delivered
SO-00000127,CUS006,2025-10-05,2025-10-29,Delivered
SO-00000128,CUS017,2026-05-20,2026-06-03,Delivered
SO-00000129,CUS011,2026-08-11,2026-09-10,Delivered
SO-00000130,CUS006,2026-06-04,2026-06-29,Delivered
SO-00000131,CUS018,2026-05-21,2026-06-10,Delivered
SO-00000132,CUS007,2026-01-02,2026-01-30,Delivered
SO-00000133,CUS004,2026-03-16,2026-04-15,Delivered
SO-00000134,CUS009,2025-10-29,2025-11-28,Delivered
SO-00000135,CUS020,2026-06-05,2026-07-04,Delivered
SO-00000136,CUS010,2026-01-28,2026-02-22,Shipped
SO-00000137,CUS009,2026-01-24,2026-02-02,Delivered
SO-00000138,CUS006,2026-08-21,2026-09-12,Delivered
SO-00000139,CUS016,2026-03-16,2026-04-11,Delivered
SO-00000140,CUS008,2026-04-08,2026-04-22,Delivered
SO-00000141,CUS015,2026-03-06,2026-03-30,Delivered
SO-00000142,CUS001,2026-05-18,2026-06-16,Delivered
SO-00000143,CUS003,2025-09-26,2025-10-20,Delivered
SO-00000144,CUS017,2026-02-21,2026-03-22,Delivered
SO-00000145,CUS020,2026-03-07,2026-03-25,Delivered
SO-00000146,CUS004,2025-10-20,2025-11-10,Delivered
SO-00000147,CUS004,2025-11-25,2025-12-10,Delivered
SO-00000148,CUS010,2026-07-23,2026-08-16,Delivered
SO-00000149,CUS008,2026-06-17,2026-07-10,Delivered
SO-00000150,CUS019,2026-02-11,2026-03-08,Delivered
SO-00000151,CUS009,2026-08-10,2026-09-03,Delivered
SO-00000152,CUS006,2026-02-07,2026-03-07,Delivered
SO-00000153,CUS011,2026-07-24,2026-08-04,Delivered
SO-00000154,CUS016,2026-08-08,2026-09-06,Delivered
SO-00000155,CUS012,2025-10-04,2025-11-03,Cancelled
SO-00000156,CUS017,2026-01-16,2026-01-21,Cancelled
SO-00000157,CUS012,2026-02-28,2026-03-22,Delivered
SO-00000158,CUS006,2025-10-22,2025-11-14,Delivered
SO-00000159,CUS005,2026-03-03,2026-03-24,Delivered
SO-00000160,CUS003,2026-02-17,2026-03-01,Delivered
SO-00000161,CUS009,2026-08-16,2026-09-05,Delivered
SO-00000162,CUS015,2026-08-14,2026-08-25,Open
SO-00000163,CUS019,2026-04-16,2026-05-11,Delivered
SO-00000164,CUS003,2025-12-30,2026-01-14,Shipped
SO-00000165,CUS020,2026-05-08,2026-05-16,Delivered
SO-00000166,CUS008,2026-08-17,2026-09-15,Delivered
SO-00000167,CUS014,2026-01-27,2026-02-08,Delivered
SO-00000168,CUS002,2025-11-11,2025-12-10,Delivered
SO-00000169,CUS013,2025-11-11,2025-11-18,Delivered
SO-00000170,CUS013,2026-03-04,2026-03-23,Delivered
SO-00000171,CUS013,2025-10-26,2025-11-13,Delivered
SO-00000172,CUS015,2026-07-06,2026-07-26,Shipped
SO-00000173,CUS020,2026-06-19,2026-06-24,Shipped
SO-00000174,CUS014,2026-08-27,2026-09-07,Delivered
SO-00000175,CUS019,2026-09-07,2026-09-23,Delivered
SO-00000176,CUS008,2025-11-25,2025-12-05,Delivered
SO-00000177,CUS013,2026-01-23,2026-02-04,Delivered
SO-00000178,CUS001,2026-05-29,2026-06-21,Delivered
SO-00000179,CUS005,2026-03-20,2026-03-26,Delivered
SO-00000180,CUS008,2025-10-21,2025-11-07,Delivered
SO-00000181,CUS020,2026-03-25,2026-04-19,Delivered
SO-00000182,CUS020,2025-09-14,2025-09-26,Shipped
SO-00000183,CUS017,2026-07-13,2026-08-09,Delivered
SO-00000184,CUS013,2026-01-29,2026-02-19,Delivered
SO-00000185,CUS007,2026-07-22,2026-08-09,Delivered
SO-00000186,CUS005,2026-04-01,2026-04-15,Delivered
SO-00000187,CUS010,2026-07-30,2026-08-16,Delivered
SO-00000188,CUS017,2025-12-13,2025-12-19,Delivered
SO-00000189,CUS012,2026-03-20,2026-03-29,Open
SO-00000190,CUS020,2025-09-13,2025-09-18,Delivered
SO-00000191,CUS018,2026-08-26,2026-09-19,Delivered
SO-00000192,CUS020,2026-07-22,2026-08-13,Delivered
SO-00000193,CUS015,2026-09-10,2026-09-19,Delivered
SO-00000194,CUS013,2026-03-12,2026-03-31,Delivered
SO-00000195,CUS015,2026-04-17,2026-05-08,Delivered
SO-00000196,CUS011,2026-03-04,2026-03-12,Delivered
SO-00000197,CUS013,2025-12-14,2025-12-20,Delivered
SO-00000198,CUS013,2026-02-05,2026-03-06,Delivered
SO-00000199,CUS005,2025-11-06,2025-11-22,Delivered
SO-00000200,CUS012,2026-09-01,2026-09-11,Delivered
SO-00000201,CUS004,2026-01-10,2026-01-26,Delivered
SO-00000202,CUS002,2025-09-25,2025-10-10,Delivered
SO-00000203,CUS014,2026-07-01,2026-07-09,Delivered
SO-00000204,CUS004,2026-02-07,2026-02-20,Shipped
SO-00000205,CUS007,2026-05-13,2026-06-12,Delivered
SO-00000206,CUS006,2026-08-07,2026-08-25,Delivered
SO-00000207,CUS002,2026-02-04,2026-02-28,Delivered
SO-00000208,CUS009,2025-09-25,2025-10-02,Delivered
SO-00000209,CUS007,2026-04-01,2026-04-18,Delivered
SO-00000210,CUS003,2026-04-21,2026-05-06,Delivered
SO-00000211,CUS015,2025-09-27,2025-10-10,Delivered
SO-00000212,CUS012,2025-11-13,2025-11-25,Delivered
SO-00000213,CUS015,2026-01-09,2026-01-21,Delivered
SO-00000214,CUS018,2026-05-26,2026-06-09,Delivered
SO-00000215,CUS001,2025-12-04,2025-12-28,Open
SO-00000216,CUS015,2025-11-21,2025-12-12,Cancelled
SO-00000217,CUS001,2026-02-03,2026-02-11,Delivered
SO-00000218,CUS019,2025-11-09,2025-11-29,Delivered
SO-00000219,CUS005,2026-05-29,2026-06-07,Delivered
SO-00000220,CUS012,2026-01-17,2026-02-10,Delivered
SO-00000221,CUS012,2026-04-03,2026-04-28,Delivered
SO-00000222,CUS017,2026-04-28,2026-05-07,Delivered
SO-00000223,CUS003,2025-12-04,2025-12-17,Delivered
SO-00000224,CUS016,2026-05-19,2026-06-02,Delivered
SO-00000225,CUS017,2026-02-11,2026-03-12,Shipped
SO-00000226,CUS007,2026-01-14,2026-01-27,Shipped
SO-00000227,CUS018,2026-05-10,2026-05-15,Shipped
SO-00000228,CUS007,2026-03-25,2026-04-14,Delivered
SO-00000229,CUS002,2026-06-10,2026-06-20,Delivered
SO-00000230,CUS013,2026-01-14,2026-02-02,Delivered
SO-00000231,CUS004,2026-09-08,2026-10-07,Open
SO-00000232,CUS006,2026-04-29,2026-05-20,Delivered
SO-00000233,CUS020,2025-12-29,2026-01-12,Delivered
SO-00000234,CUS013,2026-06-07,2026-06-17,Delivered
SO-00000235,CUS003,2026-02-08,2026-02-15,Delivered
SO-00000236,CUS011,2026-07-15,2026-08-08,Delivered
SO-00000237,CUS008,2025-12-08,2026-01-03,Cancelled
SO-00000238,CUS004,2026-09-03,2026-10-02,Delivered
SO-00000239,CUS004,2026-05-30,2026-06-12,Delivered
SO-00000240,CUS008,2026-06-19,2026-06-29,Delivered
SO-00000241,CUS016,2026-05-18,2026-05-29,Delivered
SO-00000242,CUS016,2026-04-07,2026-04-20,Delivered
SO-00000243,CUS014,2026-05-29,2026-06-26,Delivered
SO-00000244,CUS001,2026-04-10,2026-05-03,Delivered
SO-00000245,CUS016,2026-07-04,2026-07-21,Delivered
SO-00000246,CUS008,2026-01-13,2026-02-10,Cancelled
SO-00000247,CUS010,2025-12-20,2025-12-29,Delivered
SO-00000248,CUS019,2026-05-03,2026-05-26,Cancelled
SO-00000249,CUS003,2025-11-27,2025-12-21,Delivered
SO-00000250,CUS020,2025-11-22,2025-12-18,Delivered
SO-00000251,CUS012,2025-12-09,2025-12-27,Delivered
SO-00000252,CUS015,2026-01-23,2026-02-04,Delivered
SO-00000253,CUS014,2026-01-30,2026-02-18,Delivered
SO-00000254,CUS018,2026-08-17,2026-09-10,Open
SO-00000255,CUS003,2026-09-09,2026-10-08,Shipped
SO-00000256,CUS014,2026-01-30,2026-02-10,Shipped
SO-00000257,CUS005,2026-05-28,2026-06-19,Delivered
SO-00000258,CUS004,2026-07-13,2026-07-24,Delivered
SO-00000259,CUS010,2025-11-27,2025-12-04,Delivered
SO-00000260,CUS013,2026-04-03,2026-04-15,Delivered
SO-00000261,CUS013,2025-11-22,2025-11-30,Delivered
SO-00000262,CUS001,2025-09-14,2025-10-11,Shipped
SO-00000263,CUS017,2026-05-01,2026-05-15,Delivered
SO-00000264,CUS004,2026-03-13,2026-04-12,Delivered
SO-00000265,CUS005,2026-07-01,2026-07-28,Delivered
SO-00000266,CUS003,2025-10-23,2025-11-12,Delivered
SO-00000267,CUS018,2026-06-16,2026-07-12,Shipped
SO-00000268,CUS006,2026-07-27,2026-08-19,Delivered
SO-00000269,CUS019,2026-07-08,2026-08-02,Open
SO-00000270,CUS007,2025-11-01,2025-11-16,Delivered
SO-00000271,CUS010,2026-08-22,2026-09-14,Delivered
SO-00000272,CUS008,2025-12-01,2025-12-07,Delivered
SO-00000273,CUS004,2026-08-10,2026-08-25,Delivered
SO-00000274,CUS008,2025-11-19,2025-12-07,Delivered
SO-00000275,CUS012,2026-06-16,2026-07-04,Delivered
SO-00000276,CUS006,2026-08-22,2026-09-21,Delivered
SO-00000277,CUS005,2026-02-18,2026-02-27,Delivered
SO-00000278,CUS017,2025-10-10,2025-10-17,Delivered
SO-00000279,CUS018,2026-04-27,2026-05-12,Delivered
SO-00000280,CUS019,2025-11-14,2025-12-07,Delivered
SO-00000281,CUS009,2026-08-31,2026-09-11,Delivered
SO-00000282,CUS019,2026-04-09,2026-04-28,Delivered
SO-00000283,CUS003,2026-04-27,2026-05-21,Delivered
SO-00000284,CUS002,2025-10-16,2025-10-23,Delivered
SO-00000285,CUS013,2026-05-22,2026-06-15,Delivered
SO-00000286,CUS004,2026-01-10,2026-01-20,Delivered
SO-00000287,CUS013,2025-10-19,2025-11-18,Delivered
SO-00000288,CUS020,2025-10-21,2025-10-31,Shipped
SO-00000289,CUS017,2025-11-28,2025-12-25,Open
SO-00000290,CUS016,2026-02-22,2026-02-27,Delivered
SO-00000291,CUS020,2025-09-23,2025-09-28,Delivered
SO-00000292,CUS015,2026-05-16,2026-06-15,Delivered
SO-00000293,CUS020,2025-10-21,2025-11-12,Delivered
SO-00000294,CUS011,2026-01-07,2026-01-24,Delivered
SO-00000295,CUS003,2026-04-30,2026-05-07,Shipped
SO-00000296,CUS008,2026-06-15,2026-07-09,Open
SO-00000297,CUS012,2026-03-02,2026-03-24,Shipped
SO-00000298,CUS019,2025-12-28,2026-01-06,Delivered
SO-00000299,CUS017,2026-07-25,2026-08-07,Shipped
SO-00000300,CUS006,2026-04-29,2026-05-11,Delivered
SO-00000301,CUS016,2026-06-16,2026-07-12,Delivered
SO-00000302,CUS016,2026-05-28,2026-06-26,Delivered
SO-00000303,CUS009,2026-02-27,2026-03-08,Open
SO-00000304,CUS018,2026-06-21,2026-07-04,Delivered
SO-00000305,CUS020,2025-10-26,2025-11-15,Delivered
SO-00000306,CUS017,2026-06-09,2026-06-14,Delivered
SO-00000307,CUS005,2026-05-10,2026-05-28,Delivered
SO-00000308,CUS012,2026-06-09,2026-07-03,Delivered
SO-00000309,CUS014,2026-05-08,2026-05-28,Delivered
SO-00000310,CUS001,2026-04-18,2026-05-04,Delivered
SO-00000311,CUS009,2026-06-08,2026-06-30,Delivered
SO-00000312,CUS009,2026-06-25,2026-07-23,Delivered
SO-00000313,CUS009,2025-10-11,2025-10-27,Delivered
SO-00000314,CUS018,2026-01-16,2026-01-21,Shipped
SO-00000315,CUS004,2026-06-29,2026-07-16,Delivered
SO-00000316,CUS006,2025-09-20,2025-10-07,Delivered
SO-00000317,CUS010,2026-03-07,2026-03-26,Delivered
SO-00000318,CUS019,2026-01-26,2026-02-22,Open
SO-00000319,CUS001,2025-09-17,2025-10-05,Delivered
SO-00000320,CUS001,2025-11-25,2025-12-06,Delivered
SO-00000321,CUS020,2026-05-09,2026-05-31,Delivered
SO-00000322,CUS002,2026-05-09,2026-05-30,Delivered
SO-00000323,CUS011,2026-03-07,2026-03-31,Open
SO-00000324,CUS003,2025-11-18,2025-12-16,Delivered
SO-00000325,CUS018,2025-09-12,2025-09-28,Delivered
SO-00000326,CUS003,2026-03-13,2026-03-31,Delivered
SO-00000327,CUS001,2026-07-06,2026-08-05,Open
SO-00000328,CUS011,2025-10-08,2025-10-20,Delivered
SO-00000329,CUS005,2026-03-14,2026-04-02,Delivered
SO-00000330,CUS011,2026-02-27,2026-03-06,Delivered
SO-00000331,CUS005,2025-10-17,2025-11-05,Delivered
SO-00000332,CUS005,2026-07-06,2026-07-13,Delivered
SO-00000333,CUS014,2026-04-15,2026-04-30,Delivered
SO-00000334,CUS010,2025-10-11,2025-10-16,Delivered
SO-00000335,CUS012,2025-09-20,2025-10-02,Delivered
SO-00000336,CUS008,2026-06-11,2026-06-25,Delivered
SO-00000337,CUS014,2026-01-04,2026-02-01,Delivered
SO-00000338,CUS010,2026-04-29,2026-05-17,Delivered
SO-00000339,CUS008,2026-02-24,2026-03-20,Delivered
SO-00000340,CUS016,2026-03-21,2026-03-27,Cancelled
SO-00000341,CUS012,2026-06-20,2026-07-10,Open
SO-00000342,CUS006,2025-11-16,2025-12-01,Delivered
SO-00000343,CUS010,2026-04-12,2026-05-02,Delivered
SO-00000344,CUS019,2026-05-31,2026-06-16,Delivered
SO-00000345,CUS010,2025-12-05,2025-12-11,Delivered
SO-00000346,CUS006,2026-07-09,2026-08-03,Delivered
SO-00000347,CUS011,2026-08-14,2026-09-12,Delivered
SO-00000348,CUS002,2026-04-30,2026-05-27,Delivered
SO-00000349,CUS007,2026-03-26,2026-04-03,Delivered
SO-00000350,CUS014,2026-08-09,2026-09-05,Delivered
SO-00000351,CUS008,2026-03-09,2026-03-21,Delivered
SO-00000352,CUS011,2026-08-12,2026-09-10,Delivered
SO-00000353,CUS017,2025-12-12,2025-12-28,Delivered
SO-00000354,CUS007,2025-09-26,2025-10-08,Delivered
SO-00000355,CUS007,2025-12-07,2025-12-17,Delivered
SO-00000356,CUS015,2026-01-20,2026-02-05,Delivered
SO-00000357,CUS006,2026-07-09,2026-08-08,Delivered
SO-00000358,CUS018,2026-08-24,2026-09-13,Open
SO-00000359,CUS006,2026-03-28,2026-04-13,Delivered
SO-00000360,CUS011,2026-04-08,2026-04-13,Delivered
SO-00000361,CUS012,2025-12-03,2025-12-24,Delivered
SO-00000362,CUS014,2026-03-26,2026-04-17,Delivered
SO-00000363,CUS014,2025-10-27,2025-11-14,Delivered
SO-00000364,CUS014,2026-01-09,2026-02-08,Delivered
SO-00000365,CUS003,2025-12-28,2026-01-07,Delivered
SO-00000366,CUS001,2025-12-08,2025-12-14,Delivered
SO-00000367,CUS014,2026-01-27,2026-02-01,Open
SO-00000368,CUS001,2025-11-27,2025-12-10,Delivered
SO-00000369,CUS015,2026-03-20,2026-04-19,Delivered
SO-00000370,CUS004,2026-05-28,2026-06-08,Delivered
SO-00000371,CUS018,2025-11-25,2025-12-19,Delivered
SO-00000372,CUS002,2026-03-17,2026-04-09,Delivered
SO-00000373,CUS009,2026-06-03,2026-06-08,Delivered
SO-00000374,CUS014,2026-04-13,2026-04-24,Delivered
SO-00000375,CUS008,2026-06-19,2026-07-07,Delivered
SO-00000376,CUS015,2025-11-27,2025-12-24,Delivered
SO-00000377,CUS001,2026-02-15,2026-02-21,Delivered
SO-00000378,CUS004,2025-12-29,2026-01-07,Delivered
SO-00000379,CUS019,2026-01-08,2026-01-23,Delivered
SO-00000380,CUS011,2026-01-07,2026-01-19,Delivered
SO-00000381,CUS014,2026-06-24,2026-07-07,Delivered
SO-00000382,CUS013,2026-03-23,2026-04-17,Delivered
SO-00000383,CUS009,2026-05-27,2026-06-07,Delivered
SO-00000384,CUS001,2026-06-30,2026-07-12,Delivered
SO-00000385,CUS002,2026-03-07,2026-03-26,Delivered
SO-00000386,CUS002,2026-06-09,2026-06-29,Delivered
SO-00000387,CUS014,2026-03-07,2026-03-17,Delivered
SO-00000388,CUS002,2026-07-26,2026-08-21,Delivered
SO-00000389,CUS001,2026-07-18,2026-07-29,Delivered
SO-00000390,CUS008,2026-02-14,2026-03-14,Delivered
SO-00000391,CUS012,2026-08-13,2026-08-18,Open
SO-00000392,CUS018,2026-07-13,2026-08-11,Shipped
SO-00000393,CUS018,2026-09-06,2026-09-22,Delivered
SO-00000394,CUS003,2025-12-01,2025-12-30,Delivered
SO-00000395,CUS002,2026-04-04,2026-04-21,Delivered
SO-00000396,CUS013,2026-03-15,2026-04-11,Delivered
SO-00000397,CUS020,2026-02-10,2026-02-25,Delivered
SO-00000398,CUS002,2026-06-19,2026-07-16,Delivered
SO-00000399,CUS019,2026-07-10,2026-07-18,Delivered
SO-00000400,CUS001,2025-11-27,2025-12-07,Delivered
