SHIPMENT_ID,LINE_NUM,PART_ID,SHIPPED_QTY
SHP-00000001,1,PRT010,455
SHP-00000001,2,PRT010,299
SHP-00000002,1,PRT011,139
SHP-00000003,1,PRT008,135
SHP-00000003,2,PRT019,486
SHP-00000003,3,PRT007,254
SHP-00000003,4,PRT001,225
SHP-00000004,1,PRT006,345
SHP-00000004,2,PRT007,489
SHP-00000005,1,PRT016,267
SHP-00000006,1,PRT010,429
SHP-00000007,1,PRT020,226
SHP-00000008,1,PRT020,31
SHP-00000008,2,PRT008,205
SHP-00000008,3,PRT013,104
SHP-00000008,4,PRT002,216
SHP-00000008,5,PRT017,165
SHP-00000008,6,PRT008,17
SHP-00000008,7,PRT019,367
SHP-00000009,1,PRT010,160
SHP-00000010,1,PRT001,119
SHP-00000010,2,PRT009,209
SHP-00000011,1,PRT017,429
SHP-00000011,2,PRT019,445
SHP-00000012,1,PRT013,283
SHP-00000012,2,PRT014,454
SHP-00000013,1,PRT007,429
SHP-00000014,1,PRT005,425
SHP-00000014,2,PRT012,465
SHP-00000014,3,PRT004,129
SHP-00000015,1,PRT017,115
SHP-00000015,2,PRT002,399
SHP-00000016,1,PRT005,196
SHP-00000017,1,PRT017,256
SHP-00000018,1,PRT017,238
SHP-00000018,2,PRT019,318
SHP-00000018,3,PRT004,179
SHP-00000019,1,PRT004,167
SHP-00000019,2,PRT014,151
SHP-00000020,1,PRT015,99
SHP-00000020,2,PRT001,207
SHP-00000020,3,PRT016,158
SHP-00000021,1,PRT017,322
SHP-00000021,2,PRT011,80
SHP-00000022,1,PRT010,82
SHP-00000022,2,PRT006,102
SHP-00000022,3,PRT009,191
SHP-00000023,1,PRT013,354
SHP-00000023,2,PRT018,199
SHP-00000023,3,PRT003,184
SHP-00000023,4,PRT006,16
SHP-00000024,1,PRT001,348
SHP-00000024,2,PRT013,451
SHP-00000024,3,PRT007,498
SHP-00000024,4,PRT012,40
SHP-00000025,1,PRT005,199
SHP-00000025,2,PRT001,198
SHP-00000025,3,PRT004,377
SHP-00000025,4,PRT013,464
SHP-00000026,1,PRT013,499
SHP-00000026,2,PRT014,81
SHP-00000027,1,PRT013,122
SHP-00000027,2,PRT015,198
SHP-00000027,3,PRT012,10
SHP-00000027,4,PRT018,127
SHP-00000027,5,PRT006,226
SHP-00000027,6,PRT007,186
SHP-00000028,1,PRT003,173
SHP-00000028,2,PRT002,395
SHP-00000028,3,PRT014,89
SHP-00000028,4,PRT001,234
SHP-00000029,1,PRT003,167
SHP-00000030,1,PRT012,17
SHP-00000030,2,PRT010,138
SHP-00000031,1,PRT019,160
SHP-00000032,1,PRT012,208
SHP-00000033,1,PRT013,302
SHP-00000033,2,PRT002,227
SHP-00000033,3,PRT011,499
SHP-00000034,1,PRT017,19
SHP-00000035,1,PRT013,283
SHP-00000036,1,PRT007,289
SHP-00000036,2,PRT010,446
SHP-00000036,3,PRT009,210
SHP-00000036,4,PRT020,110
SHP-00000037,1,PRT002,230
SHP-00000037,2,PRT008,173
SHP-00000038,1,PRT020,67
SHP-00000038,2,PRT019,363
SHP-00000039,1,PRT017,225
SHP-00000039,2,PRT004,335
SHP-00000040,1,PRT011,484
SHP-00000040,2,PRT003,172
SHP-00000041,1,PRT016,165
SHP-00000042,1,PRT004,83
SHP-00000042,2,PRT010,198
SHP-00000043,1,PRT012,228
SHP-00000043,2,PRT017,406
SHP-00000044,1,PRT019,415
SHP-00000045,1,PRT020,458
SHP-00000045,2,PRT003,44
SHP-00000046,1,PRT015,144
SHP-00000046,2,PRT005,358
SHP-00000046,3,PRT019,450
SHP-00000046,4,PRT013,75
SHP-00000047,1,PRT019,282
SHP-00000047,2,PRT019,334
SHP-00000048,1,PRT012,35
SHP-00000049,1,PRT020,76
SHP-00000050,1,PRT005,100
SHP-00000050,2,PRT006,442
SHP-00000051,1,PRT019,337
SHP-00000051,2,PRT012,209
SHP-00000051,3,PRT003,108
SHP-00000051,4,PRT004,439
SHP-00000051,5,PRT017,219
SHP-00000052,1,PRT006,335
SHP-00000052,2,PRT008,90
SHP-00000052,3,PRT006,344
SHP-00000052,4,PRT008,434
SHP-00000052,5,PRT017,46
SHP-00000053,1,PRT018,43
SHP-00000054,1,PRT019,232
SHP-00000055,1,PRT012,222
SHP-00000056,1,PRT016,269
SHP-00000056,2,PRT015,269
SHP-00000056,3,PRT006,137
SHP-00000056,4,PRT017,76
SHP-00000057,1,PRT018,257
SHP-00000058,1,PRT006,17
SHP-00000058,2,PRT019,363
SHP-00000059,1,PRT013,102
SHP-00000059,2,PRT005,169
SHP-00000059,3,PRT006,338
SHP-00000059,4,PRT018,158
SHP-00000060,1,PRT020,388
SHP-00000060,2,PRT003,393
SHP-00000061,1,PRT008,139
SHP-00000061,2,PRT007,389
SHP-00000062,1,PRT011,190
SHP-00000062,2,PRT014,307
SHP-00000063,1,PRT005,460
SHP-00000063,2,PRT014,470
SHP-00000063,3,PRT008,193
SHP-00000063,4,PRT004,480
SHP-00000063,5,PRT012,334
SHP-00000064,1,PRT003,319
SHP-00000064,2,PRT002,102
SHP-00000065,1,PRT008,214
SHP-00000065,2,PRT006,493
SHP-00000065,3,PRT018,247
SHP-00000066,1,PRT018,318
SHP-00000066,2,PRT010,149
SHP-00000067,1,PRT016,169
SHP-00000067,2,PRT017,202
SHP-00000068,1,PRT009,33
SHP-00000068,2,PRT004,162
SHP-00000069,1,PRT020,371
SHP-00000069,2,PRT013,487
SHP-00000070,1,PRT014,294
SHP-00000071,1,PRT006,278
SHP-00000071,2,PRT013,93
SHP-00000072,1,PRT011,166
SHP-00000073,1,PRT010,35
SHP-00000073,2,PRT010,402
SHP-00000073,3,PRT005,138
SHP-00000073,4,PRT016,390
SHP-00000073,5,PRT011,302
SHP-00000073,6,PRT009,154
SHP-00000073,7,PRT016,99
SHP-00000073,8,PRT009,316
SHP-00000074,1,PRT010,155
SHP-00000074,2,PRT007,397
SHP-00000074,3,PRT004,91
SHP-00000075,1,PRT020,388
SHP-00000075,2,PRT016,307
SHP-00000075,3,PRT013,268
SHP-00000076,1,PRT016,21
SHP-00000076,2,PRT013,390
SHP-00000076,3,PRT020,74
SHP-00000077,1,PRT010,90
SHP-00000078,1,PRT020,157
SHP-00000078,2,PRT019,266
SHP-00000079,1,PRT007,433
SHP-00000079,2,PRT002,118
SHP-00000079,3,PRT018,49
SHP-00000080,1,PRT014,124
SHP-00000080,2,PRT004,70
SHP-00000080,3,PRT007,443
SHP-00000081,1,PRT004,127
SHP-00000082,1,PRT014,349
SHP-00000082,2,PRT004,269
SHP-00000082,3,PRT007,496
SHP-00000083,1,PRT012,204
SHP-00000084,1,PRT004,315
SHP-00000085,1,PRT018,100
SHP-00000085,2,PRT010,210
SHP-00000086,1,PRT005,99
SHP-00000086,2,PRT018,349
SHP-00000086,3,PRT006,206
SHP-00000087,1,PRT018,470
SHP-00000087,2,PRT006,16
SHP-00000087,3,PRT004,479
SHP-00000087,4,PRT003,355
SHP-00000088,1,PRT003,391
SHP-00000088,2,PRT016,264
SHP-00000088,3,PRT008,131
SHP-00000088,4,PRT007,364
SHP-00000088,5,PRT010,430
SHP-00000088,6,PRT005,189
SHP-00000089,1,PRT005,255
SHP-00000089,2,PRT020,305
SHP-00000090,1,PRT008,54
SHP-00000090,2,PRT020,25
SHP-00000091,1,PRT018,335
SHP-00000091,2,PRT008,24
SHP-00000092,1,PRT016,331
SHP-00000093,1,PRT009,230
SHP-00000094,1,PRT008,312
SHP-00000094,2,PRT011,479
SHP-00000095,1,PRT018,32
SHP-00000095,2,PRT016,303
SHP-00000095,3,PRT011,106
SHP-00000096,1,PRT018,116
SHP-00000096,2,PRT017,477
SHP-00000096,3,PRT019,494
SHP-00000097,1,PRT006,336
SHP-00000097,2,PRT012,191
SHP-00000097,3,PRT001,288
SHP-00000098,1,PRT008,84
SHP-00000098,2,PRT002,291
SHP-00000098,3,PRT001,466
SHP-00000099,1,PRT010,19
SHP-00000100,1,PRT018,312
SHP-00000101,1,PRT019,331
SHP-00000101,2,PRT013,66
SHP-00000102,1,PRT008,422
SHP-00000103,1,PRT007,36
SHP-00000103,2,PRT008,185
SHP-00000104,1,PRT017,142
SHP-00000104,2,PRT004,238
SHP-00000105,1,PRT006,118
SHP-00000106,1,PRT001,446
SHP-00000107,1,PRT012,449
SHP-00000107,2,PRT012,426
SHP-00000107,3,PRT019,403
SHP-00000108,1,PRT005,28
SHP-00000108,2,PRT007,34
SHP-00000109,1,PRT011,93
SHP-00000109,2,PRT003,137
SHP-00000109,3,PRT001,138
SHP-00000110,1,PRT009,157
SHP-00000111,1,PRT007,252
SHP-00000112,1,PRT006,347
SHP-00000113,1,PRT014,341
SHP-00000113,2,PRT001,52
SHP-00000114,1,PRT017,33
SHP-00000115,1,PRT005,343
SHP-00000115,2,PRT017,143
SHP-00000115,3,PRT003,357
SHP-00000115,4,PRT014,50
SHP-00000116,1,PRT001,34
SHP-00000116,2,PRT011,464
SHP-00000116,3,PRT016,56
SHP-00000117,1,PRT008,58
SHP-00000118,1,PRT002,214
SHP-00000119,1,PRT006,43
SHP-00000120,1,PRT020,80
SHP-00000121,1,PRT008,300
SHP-00000122,1,PRT006,41
SHP-00000122,2,PRT012,180
SHP-00000123,1,PRT002,245
SHP-00000123,2,PRT018,313
SHP-00000124,1,PRT009,496
SHP-00000125,1,PRT010,356
SHP-00000125,2,PRT019,162
SHP-00000125,3,PRT013,444
SHP-00000126,1,PRT008,423
SHP-00000127,1,PRT005,58
SHP-00000128,1,PRT001,401
SHP-00000129,1,PRT004,349
SHP-00000130,1,PRT013,173
SHP-00000131,1,PRT006,376
SHP-00000131,2,PRT017,297
SHP-00000132,1,PRT011,279
SHP-00000132,2,PRT009,192
SHP-00000132,3,PRT014,301
SHP-00000133,1,PRT015,95
SHP-00000133,2,PRT007,131
SHP-00000134,1,PRT007,383
SHP-00000134,2,PRT013,412
SHP-00000135,1,PRT001,106
SHP-00000136,1,PRT013,197
SHP-00000136,2,PRT012,161
SHP-00000137,1,PRT008,234
SHP-00000137,2,PRT012,283
SHP-00000138,1,PRT012,100
SHP-00000138,2,PRT020,213
SHP-00000139,1,PRT009,185
SHP-00000139,2,PRT007,414
SHP-00000139,3,PRT008,278
SHP-00000140,1,PRT003,162
SHP-00000140,2,PRT017,117
SHP-00000141,1,PRT017,88
SHP-00000142,1,PRT006,451
SHP-00000143,1,PRT010,31
SHP-00000144,1,PRT008,54
SHP-00000144,2,PRT006,286
SHP-00000144,3,PRT014,251
SHP-00000144,4,PRT016,107
SHP-00000145,1,PRT013,460
SHP-00000146,1,PRT007,489
SHP-00000146,2,PRT019,57
SHP-00000146,3,PRT013,96
SHP-00000146,4,PRT015,193
SHP-00000146,5,PRT003,38
SHP-00000147,1,PRT002,167
SHP-00000147,2,PRT004,135
SHP-00000148,1,PRT010,294
SHP-00000148,2,PRT020,404
SHP-00000149,1,PRT020,170
SHP-00000150,1,PRT016,223
SHP-00000150,2,PRT006,39
SHP-00000150,3,PRT006,149
SHP-00000151,1,PRT001,293
SHP-00000152,1,PRT017,47
SHP-00000152,2,PRT005,92
SHP-00000152,3,PRT014,291
SHP-00000153,1,PRT005,216
SHP-00000153,2,PRT020,451
SHP-00000153,3,PRT008,101
SHP-00000154,1,PRT003,31
SHP-00000154,2,PRT007,232
SHP-00000154,3,PRT016,175
SHP-00000155,1,PRT003,291
SHP-00000155,2,PRT012,484
SHP-00000156,1,PRT016,255
SHP-00000157,1,PRT019,499
SHP-00000157,2,PRT017,286
SHP-00000157,3,PRT015,77
SHP-00000157,4,PRT019,459
SHP-00000158,1,PRT005,204
SHP-00000158,2,PRT004,38
SHP-00000158,3,PRT013,444
SHP-00000158,4,PRT016,296
SHP-00000158,5,PRT008,138
SHP-00000159,1,PRT001,253
SHP-00000160,1,PRT016,35
SHP-00000160,2,PRT008,373
SHP-00000160,3,PRT020,46
SHP-00000160,4,PRT009,420
SHP-00000160,5,PRT001,259
SHP-00000161,1,PRT012,20
SHP-00000161,2,PRT003,22
SHP-00000162,1,PRT008,344
SHP-00000162,2,PRT016,181
SHP-00000162,3,PRT016,28
SHP-00000162,4,PRT019,221
SHP-00000163,1,PRT007,128
SHP-00000164,1,PRT004,242
SHP-00000164,2,PRT006,55
SHP-00000165,1,PRT017,430
SHP-00000166,1,PRT016,401
SHP-00000166,2,PRT001,217
SHP-00000167,1,PRT006,349
SHP-00000167,2,PRT014,376
SHP-00000167,3,PRT017,349
SHP-00000167,4,PRT004,259
SHP-00000168,1,PRT013,368
SHP-00000169,1,PRT017,345
SHP-00000169,2,PRT014,231
SHP-00000169,3,PRT001,388
SHP-00000170,1,PRT013,43
SHP-00000170,2,PRT006,457
SHP-00000171,1,PRT013,494
SHP-00000172,1,PRT020,56
SHP-00000172,2,PRT005,238
SHP-00000172,3,PRT001,305
SHP-00000173,1,PRT004,133
SHP-00000173,2,PRT014,215
SHP-00000173,3,PRT017,446
SHP-00000174,1,PRT009,84
SHP-00000174,2,PRT014,143
SHP-00000174,3,PRT004,60
SHP-00000174,4,PRT002,485
SHP-00000174,5,PRT001,455
SHP-00000175,1,PRT006,154
SHP-00000176,1,PRT007,260
SHP-00000176,2,PRT009,122
SHP-00000176,3,PRT011,318
SHP-00000176,4,PRT008,479
SHP-00000177,1,PRT001,390
SHP-00000177,2,PRT014,266
SHP-00000177,3,PRT002,77
SHP-00000178,1,PRT012,475
SHP-00000178,2,PRT017,451
SHP-00000179,1,PRT019,476
SHP-00000179,2,PRT011,73
SHP-00000180,1,PRT004,297
SHP-00000181,1,PRT005,220
SHP-00000181,2,PRT016,432
SHP-00000181,3,PRT013,66
SHP-00000182,1,PRT001,150
SHP-00000182,2,PRT018,362
SHP-00000183,1,PRT019,79
SHP-00000183,2,PRT003,183
SHP-00000183,3,PRT018,52
SHP-00000184,1,PRT010,233
SHP-00000185,1,PRT003,98
SHP-00000185,2,PRT002,158
SHP-00000186,1,PRT011,42
SHP-00000186,2,PRT012,239
SHP-00000186,3,PRT012,255
SHP-00000187,1,PRT014,94
SHP-00000188,1,PRT016,404
SHP-00000188,2,PRT012,467
SHP-00000189,1,PRT008,109
SHP-00000189,2,PRT005,437
SHP-00000189,3,PRT014,34
SHP-00000190,1,PRT006,258
SHP-00000191,1,PRT019,462
SHP-00000192,1,PRT008,135
SHP-00000193,1,PRT005,426
SHP-00000194,1,PRT010,116
SHP-00000194,2,PRT004,70
SHP-00000194,3,PRT008,301
SHP-00000195,1,PRT009,487
SHP-00000195,2,PRT018,81
SHP-00000196,1,PRT014,62
SHP-00000196,2,PRT007,363
SHP-00000197,1,PRT013,379
SHP-00000198,1,PRT010,37
SHP-00000198,2,PRT006,469
SHP-00000199,1,PRT010,354
SHP-00000199,2,PRT001,490
SHP-00000199,3,PRT012,335
SHP-00000199,4,PRT006,52
SHP-00000200,1,PRT008,161
SHP-00000200,2,PRT003,54
SHP-00000200,3,PRT020,11
SHP-00000200,4,PRT017,76
SHP-00000200,5,PRT001,211
SHP-00000201,1,PRT002,488
SHP-00000201,2,PRT017,145
SHP-00000202,1,PRT009,396
SHP-00000203,1,PRT013,66
SHP-00000204,1,PRT009,119
SHP-00000204,2,PRT004,261
SHP-00000204,3,PRT011,259
SHP-00000204,4,PRT018,162
SHP-00000204,5,PRT002,494
SHP-00000204,6,PRT014,365
SHP-00000205,1,PRT020,294
SHP-00000206,1,PRT013,70
SHP-00000206,2,PRT017,33
SHP-00000207,1,PRT018,290
SHP-00000207,2,PRT003,149
SHP-00000207,3,PRT020,83
SHP-00000207,4,PRT002,431
SHP-00000207,5,PRT019,174
SHP-00000208,1,PRT014,401
SHP-00000208,2,PRT017,364
SHP-00000208,3,PRT002,55
SHP-00000208,4,PRT005,69
SHP-00000209,1,PRT010,247
SHP-00000209,2,PRT017,216
SHP-00000209,3,PRT006,387
SHP-00000210,1,PRT020,493
SHP-00000211,1,PRT016,226
SHP-00000211,2,PRT010,102
SHP-00000211,3,PRT019,379
SHP-00000212,1,PRT011,262
SHP-00000212,2,PRT019,182
SHP-00000212,3,PRT011,325
SHP-00000213,1,PRT019,39
SHP-00000214,1,PRT003,471
SHP-00000214,2,PRT005,251
SHP-00000215,1,PRT010,123
SHP-00000215,2,PRT008,79
SHP-00000215,3,PRT014,202
SHP-00000216,1,PRT006,250
SHP-00000216,2,PRT010,376
SHP-00000217,1,PRT009,391
SHP-00000218,1,PRT009,105
SHP-00000219,1,PRT016,417
SHP-00000219,2,PRT010,185
SHP-00000220,1,PRT002,394
SHP-00000220,2,PRT006,144
SHP-00000221,1,PRT001,196
SHP-00000222,1,PRT020,251
SHP-00000222,2,PRT015,360
SHP-00000222,3,PRT018,47
SHP-00000222,4,PRT001,192
SHP-00000223,1,PRT018,403
SHP-00000223,2,PRT017,70
SHP-00000224,1,PRT020,41
SHP-00000224,2,PRT005,402
SHP-00000225,1,PRT006,123
SHP-00000226,1,PRT019,447
SHP-00000226,2,PRT009,366
SHP-00000226,3,PRT018,242
SHP-00000227,1,PRT003,249
SHP-00000228,1,PRT009,410
SHP-00000228,2,PRT005,23
SHP-00000229,1,PRT008,163
SHP-00000229,2,PRT001,56
SHP-00000229,3,PRT013,104
SHP-00000229,4,PRT007,406
SHP-00000230,1,PRT012,145
SHP-00000230,2,PRT017,181
SHP-00000231,1,PRT001,81
SHP-00000231,2,PRT005,288
SHP-00000231,3,PRT001,397
SHP-00000232,1,PRT008,454
SHP-00000232,2,PRT001,21
SHP-00000233,1,PRT013,344
SHP-00000233,2,PRT003,200
SHP-00000233,3,PRT020,334
SHP-00000233,4,PRT010,484
SHP-00000234,1,PRT002,207
SHP-00000234,2,PRT009,427
SHP-00000234,3,PRT009,273
SHP-00000235,1,PRT014,465
SHP-00000235,2,PRT015,18
SHP-00000236,1,PRT004,455
SHP-00000236,2,PRT018,265
SHP-00000237,1,PRT013,18
SHP-00000237,2,PRT007,219
SHP-00000237,3,PRT001,397
SHP-00000238,1,PRT003,136
SHP-00000238,2,PRT006,309
SHP-00000239,1,PRT004,148
SHP-00000239,2,PRT019,37
SHP-00000239,3,PRT014,176
SHP-00000240,1,PRT002,92
SHP-00000241,1,PRT016,444
SHP-00000241,2,PRT001,135
SHP-00000241,3,PRT012,473
SHP-00000241,4,PRT011,349
SHP-00000242,1,PRT005,102
SHP-00000242,2,PRT013,407
SHP-00000242,3,PRT017,160
SHP-00000243,1,PRT007,446
SHP-00000243,2,PRT016,240
SHP-00000243,3,PRT010,327
SHP-00000244,1,PRT012,167
SHP-00000244,2,PRT007,467
SHP-00000245,1,PRT005,377
SHP-00000245,2,PRT006,72
SHP-00000246,1,PRT007,298
SHP-00000246,2,PRT012,446
SHP-00000246,3,PRT017,393
SHP-00000247,1,PRT019,67
SHP-00000247,2,PRT003,437
SHP-00000247,3,PRT006,223
SHP-00000248,1,PRT018,269
SHP-00000248,2,PRT012,170
SHP-00000248,3,PRT006,232
SHP-00000249,1,PRT013,70
SHP-00000249,2,PRT003,111
SHP-00000249,3,PRT017,209
SHP-00000249,4,PRT007,207
SHP-00000250,1,PRT009,425
SHP-00000251,1,PRT009,287
SHP-00000251,2,PRT012,226
SHP-00000251,3,PRT009,150
SHP-00000252,1,PRT017,207
SHP-00000252,2,PRT018,214
SHP-00000253,1,PRT016,437
SHP-00000253,2,PRT017,376
SHP-00000253,3,PRT007,13
SHP-00000254,1,PRT019,286
SHP-00000254,2,PRT004,147
SHP-00000255,1,PRT009,68
SHP-00000255,2,PRT001,395
SHP-00000256,1,PRT020,75
SHP-00000257,1,PRT017,170
SHP-00000257,2,PRT002,430
SHP-00000258,1,PRT018,345
SHP-00000258,2,PRT004,140
SHP-00000259,1,PRT008,289
SHP-00000259,2,PRT019,486
SHP-00000260,1,PRT019,74
SHP-00000260,2,PRT001,417
SHP-00000260,3,PRT010,412
SHP-00000261,1,PRT020,394
SHP-00000261,2,PRT009,249
SHP-00000261,3,PRT014,259
SHP-00000261,4,PRT003,74
SHP-00000261,5,PRT009,37
SHP-00000262,1,PRT014,105
SHP-00000262,2,PRT012,189
SHP-00000263,1,PRT007,132
SHP-00000264,1,PRT007,133
SHP-00000264,2,PRT004,416
SHP-00000265,1,PRT009,173
SHP-00000265,2,PRT010,366
SHP-00000265,3,PRT013,19
SHP-00000265,4,PRT008,365
SHP-00000265,5,PRT012,491
SHP-00000265,6,PRT004,241
SHP-00000266,1,PRT005,436
SHP-00000267,1,PRT017,237
SHP-00000268,1,PRT019,31
SHP-00000268,2,PRT005,87
SHP-00000268,3,PRT012,271
SHP-00000269,1,PRT001,194
SHP-00000269,2,PRT018,48
SHP-00000269,3,PRT008,176
SHP-00000270,1,PRT005,54
SHP-00000270,2,PRT019,431
SHP-00000270,3,PRT007,140
SHP-00000270,4,PRT007,225
SHP-00000271,1,PRT014,29
SHP-00000271,2,PRT005,143
SHP-00000271,3,PRT020,213
SHP-00000271,4,PRT009,241
SHP-00000271,5,PRT016,241
SHP-00000271,6,PRT014,88
SHP-00000272,1,PRT018,387
SHP-00000273,1,PRT017,14
SHP-00000274,1,PRT006,394
SHP-00000274,2,PRT009,256
SHP-00000275,1,PRT013,366
SHP-00000275,2,PRT017,274
SHP-00000275,3,PRT012,500
SHP-00000275,4,PRT004,354
SHP-00000276,1,PRT006,363
SHP-00000276,2,PRT020,96
SHP-00000277,1,PRT008,426
SHP-00000278,1,PRT017,65
SHP-00000278,2,PRT002,51
SHP-00000278,3,PRT006,14
SHP-00000278,4,PRT001,244
SHP-00000278,5,PRT009,412
SHP-00000279,1,PRT009,319
SHP-00000279,2,PRT017,250
SHP-00000280,1,PRT004,299
SHP-00000280,2,PRT019,82
SHP-00000280,3,PRT017,263
SHP-00000281,1,PRT011,29
SHP-00000281,2,PRT011,87
SHP-00000282,1,PRT009,116
SHP-00000282,2,PRT014,496
SHP-00000282,3,PRT018,297
SHP-00000283,1,PRT010,57
SHP-00000284,1,PRT001,468
SHP-00000284,2,PRT020,140
SHP-00000284,3,PRT007,242
SHP-00000284,4,PRT017,486
SHP-00000285,1,PRT015,387
SHP-00000286,1,PRT006,287
SHP-00000287,1,PRT007,31
SHP-00000288,1,PRT005,119
SHP-00000288,2,PRT004,147
SHP-00000288,3,PRT004,102
SHP-00000289,1,PRT013,232
SHP-00000290,1,PRT007,22
SHP-00000290,2,PRT001,186
SHP-00000290,3,PRT012,283
SHP-00000290,4,PRT009,338
SHP-00000291,1,PRT010,474
SHP-00000291,2,PRT006,442
SHP-00000292,1,PRT002,158
SHP-00000292,2,PRT007,170
SHP-00000292,3,PRT013,255
SHP-00000293,1,PRT019,488
SHP-00000294,1,PRT017,323
SHP-00000294,2,PRT012,223
SHP-00000294,3,PRT016,364
SHP-00000294,4,PRT003,384
SHP-00000294,5,PRT010,392
SHP-00000295,1,PRT003,496
SHP-00000296,1,PRT009,168
SHP-00000296,2,PRT019,424
SHP-00000297,1,PRT015,131
SHP-00000297,2,PRT010,327
SHP-00000297,3,PRT002,495
SHP-00000298,1,PRT017,16
SHP-00000298,2,PRT016,234
SHP-00000298,3,PRT016,78
SHP-00000298,4,PRT011,219
SHP-00000298,5,PRT001,140
SHP-00000299,1,PRT015,85
SHP-00000299,2,PRT020,489
SHP-00000299,3,PRT012,164
SHP-00000299,4,PRT004,319
SHP-00000300,1,PRT019,473
SHP-00000300,2,PRT007,214
SHP-00000300,3,PRT010,437
SHP-00000300,4,PRT013,227
SHP-00000301,1,PRT019,241
SHP-00000301,2,PRT002,293
SHP-00000302,1,PRT017,303
SHP-00000302,2,PRT006,235
SHP-00000302,3,PRT012,233
SHP-00000302,4,PRT004,33
SHP-00000302,5,PRT010,198
SHP-00000303,1,PRT005,337
SHP-00000304,1,PRT018,75
SHP-00000304,2,PRT009,283
SHP-00000305,1,PRT016,203
SHP-00000306,1,PRT002,166
SHP-00000306,2,PRT013,114
SHP-00000306,3,PRT003,234
SHP-00000306,4,PRT017,189
SHP-00000307,1,PRT007,62
SHP-00000308,1,PRT015,302
SHP-00000309,1,PRT013,107
SHP-00000309,2,PRT008,208
SHP-00000310,1,PRT002,396
SHP-00000310,2,PRT014,265
SHP-00000311,1,PRT018,230
SHP-00000311,2,PRT014,342
SHP-00000312,1,PRT013,303
SHP-00000312,2,PRT002,60
SHP-00000312,3,PRT018,60
SHP-00000313,1,PRT016,252
SHP-00000314,1,PRT011,114
SHP-00000314,2,PRT008,495
SHP-00000314,3,PRT014,88
SHP-00000315,1,PRT010,135
SHP-00000315,2,PRT003,67
SHP-00000315,3,PRT012,370
SHP-00000315,4,PRT020,202
SHP-00000316,1,PRT001,280
SHP-00000316,2,PRT011,465
SHP-00000316,3,PRT020,317
SHP-00000317,1,PRT002,49
SHP-00000318,1,PRT013,473
SHP-00000318,2,PRT017,339
SHP-00000319,1,PRT004,192
SHP-00000319,2,PRT015,105
SHP-00000320,1,PRT014,394
SHP-00000320,2,PRT017,59
SHP-00000320,3,PRT004,263
SHP-00000321,1,PRT002,274
SHP-00000321,2,PRT009,148
SHP-00000321,3,PRT004,412
SHP-00000321,4,PRT002,165
SHP-00000321,5,PRT003,215
SHP-00000321,6,PRT002,150
SHP-00000322,1,PRT010,51
SHP-00000322,2,PRT015,275
SHP-00000322,3,PRT006,23
SHP-00000323,1,PRT009,192
SHP-00000323,2,PRT004,326
SHP-00000323,3,PRT011,390
SHP-00000324,1,PRT018,324
SHP-00000324,2,PRT005,185
SHP-00000325,1,PRT016,75
SHP-00000325,2,PRT009,212
SHP-00000325,3,PRT002,437
SHP-00000326,1,PRT004,184
SHP-00000326,2,PRT010,359
SHP-00000326,3,PRT013,379
SHP-00000327,1,PRT017,68
SHP-00000327,2,PRT002,102
SHP-00000328,1,PRT002,54
SHP-00000329,1,PRT014,118
