SHIPMENT_ID,ORDER_ID,PLANT_ID,CUSTOMER_ID,SHIP_DATE,PROMISED_DELIVERY,ACTUAL_DELIVERY,CARRIER,TRANSPORT_MODE,FREIGHT_COST,STATUS
SHP-00000001,SO-00000325,PLT003,CUS018,2025-09-16,2025-09-28,2025-09-28,DB Schenker,Ocean,3099.00,Delivered
SHP-00000002,SO-00000190,PLT001,CUS020,2025-09-15,2025-09-18,2025-09-17,DHL Supply Chain,Rail,2178.00,Delivered
SHP-00000003,SO-00000262,PLT006,CUS001,2025-09-15,2025-10-11,2025-10-08,Maersk Line,Air,3401.50,Delivered
SHP-00000004,SO-00000319,PLT005,CUS001,2025-09-21,2025-10-05,2025-10-02,XPO Logistics,Air,2207.50,Delivered
SHP-00000005,SO-00000335,PLT004,CUS012,2025-09-24,2025-10-02,2025-10-02,DB Schenker,Air,1246.00,Delivered
SHP-00000006,SO-00000316,PLT007,CUS006,2025-09-23,2025-10-07,2025-10-14,DHL Supply Chain,Ocean,979.00,Delayed
SHP-00000007,SO-00000291,PLT001,CUS020,2025-09-24,2025-09-28,2025-10-01,DHL Supply Chain,Rail,2709.50,Delayed
SHP-00000008,SO-00000208,PLT002,CUS009,2025-09-28,2025-10-02,,FedEx Freight,Truck,4130.50,In Transit
SHP-00000009,SO-00000202,PLT002,CUS002,2025-09-29,2025-10-10,,DB Schenker,Ocean,1602.50,In Transit
SHP-00000010,SO-00000143,PLT001,CUS003,2025-10-01,2025-10-20,2025-10-20,DB Schenker,Rail,509.00,Delivered
SHP-00000011,SO-00000354,PLT007,CUS007,2025-09-29,2025-10-08,2025-10-07,XPO Logistics,Truck,2875.50,Delivered
SHP-00000012,SO-00000211,PLT004,CUS015,2025-09-30,2025-10-10,2025-10-07,DB Schenker,Truck,460.00,Delivered
SHP-00000013,SO-00000127,PLT003,CUS006,2025-10-07,2025-10-29,2025-10-26,Maersk Line,Truck,4933.50,Delivered
SHP-00000014,SO-00000058,PLT003,CUS017,2025-10-11,2025-10-12,2025-10-11,Maersk Line,Ocean,2705.00,Delivered
SHP-00000015,SO-00000121,PLT007,CUS017,2025-10-11,2025-11-05,2025-11-08,Maersk Line,Rail,577.50,Delayed
SHP-00000016,SO-00000328,PLT001,CUS011,2025-10-11,2025-10-20,2025-10-18,FedEx Freight,Rail,3416.50,Delivered
SHP-00000017,SO-00000096,PLT002,CUS001,2025-10-12,2025-10-17,2025-10-15,DB Schenker,Truck,2850.00,Delivered
SHP-00000018,SO-00000106,PLT003,CUS018,2025-10-11,2025-10-20,,XPO Logistics,Air,3326.50,In Transit
SHP-00000019,SO-00000040,PLT002,CUS014,2025-10-13,2025-11-01,,DHL Supply Chain,Ocean,3515.00,In Transit
SHP-00000020,SO-00000278,PLT001,CUS017,2025-10-13,2025-10-17,,Maersk Line,Rail,1562.50,In Transit
SHP-00000021,SO-00000060,PLT006,CUS019,2025-10-12,2025-10-27,2025-10-26,DHL Supply Chain,Ocean,4941.50,Delivered
SHP-00000022,SO-00000334,PLT007,CUS010,2025-10-15,2025-10-16,,Maersk Line,Rail,2019.00,In Transit
SHP-00000023,SO-00000284,PLT003,CUS002,2025-10-21,2025-10-23,2025-10-20,FedEx Freight,Air,778.00,Delivered
SHP-00000024,SO-00000331,PLT006,CUS005,2025-10-21,2025-11-05,2025-11-02,DB Schenker,Rail,456.00,Delivered
SHP-00000025,SO-00000287,PLT004,CUS013,2025-10-20,2025-11-18,2025-11-16,Maersk Line,Rail,3744.50,Delivered
SHP-00000026,SO-00000146,PLT006,CUS004,2025-10-22,2025-11-10,,XPO Logistics,Air,2391.50,In Transit
SHP-00000027,SO-00000180,PLT007,CUS008,2025-10-23,2025-11-07,2025-11-04,FedEx Freight,Rail,3294.00,Delivered
SHP-00000028,SO-00000158,PLT006,CUS006,2025-10-26,2025-11-14,2025-11-11,Maersk Line,Air,2643.50,Delivered
SHP-00000029,SO-00000117,PLT004,CUS015,2025-10-27,2025-11-18,2025-11-24,DHL Supply Chain,Ocean,3460.00,Delayed
SHP-00000030,SO-00000266,PLT002,CUS003,2025-10-27,2025-11-12,2025-11-10,XPO Logistics,Ocean,2808.00,Delivered
SHP-00000031,SO-00000305,PLT002,CUS020,2025-10-29,2025-11-15,2025-11-12,DHL Supply Chain,Air,945.00,Delivered
SHP-00000032,SO-00000363,PLT008,CUS014,2025-10-29,2025-11-14,2025-11-11,FedEx Freight,Rail,2576.00,Delivered
SHP-00000033,SO-00000044,PLT005,CUS001,2025-11-01,2025-11-11,2025-11-10,FedEx Freight,Truck,4709.50,Delivered
SHP-00000034,SO-00000134,PLT006,CUS009,2025-11-03,2025-11-28,2025-11-27,Maersk Line,Truck,3161.00,Delivered
SHP-00000035,SO-00000077,PLT002,CUS005,2025-11-02,2025-11-28,2025-11-26,XPO Logistics,Air,2038.00,Delivered
SHP-00000036,SO-00000054,PLT006,CUS017,2025-11-05,2025-11-10,2025-11-08,XPO Logistics,Rail,4075.00,Delivered
SHP-00000037,SO-00000270,PLT001,CUS007,2025-11-06,2025-11-16,2025-11-14,FedEx Freight,Rail,1719.00,Delivered
SHP-00000038,SO-00000067,PLT001,CUS018,2025-11-07,2025-11-09,2025-11-07,DB Schenker,Air,1466.50,Delivered
SHP-00000039,SO-00000035,PLT001,CUS006,2025-11-07,2025-11-30,2025-12-03,XPO Logistics,Air,3687.50,Delayed
SHP-00000040,SO-00000088,PLT003,CUS003,2025-11-09,2025-11-27,2025-11-29,DB Schenker,Rail,1615.00,Delayed
SHP-00000041,SO-00000026,PLT005,CUS008,2025-11-09,2025-11-18,,FedEx Freight,Rail,1584.00,In Transit
SHP-00000042,SO-00000199,PLT001,CUS005,2025-11-08,2025-11-22,,FedEx Freight,Truck,1552.00,In Transit
SHP-00000043,SO-00000218,PLT004,CUS019,2025-11-12,2025-11-29,2025-11-26,FedEx Freight,Rail,2384.00,Delivered
SHP-00000044,SO-00000168,PLT004,CUS002,2025-11-13,2025-12-10,2025-12-08,DB Schenker,Air,3008.00,Delivered
SHP-00000045,SO-00000169,PLT003,CUS013,2025-11-13,2025-11-18,2025-11-18,DHL Supply Chain,Truck,4569.50,Delivered
SHP-00000046,SO-00000212,PLT003,CUS012,2025-11-17,2025-11-25,2025-11-22,DHL Supply Chain,Ocean,2809.50,Delivered
SHP-00000047,SO-00000280,PLT001,CUS019,2025-11-18,2025-12-07,2025-12-05,Maersk Line,Ocean,2103.50,Delivered
SHP-00000048,SO-00000342,PLT006,CUS006,2025-11-17,2025-12-01,2025-11-29,DB Schenker,Air,4040.00,Delivered
SHP-00000049,SO-00000093,PLT003,CUS007,2025-11-20,2025-12-15,2025-12-22,Maersk Line,Air,2456.00,Delayed
SHP-00000050,SO-00000324,PLT008,CUS003,2025-11-21,2025-12-16,2025-12-14,DHL Supply Chain,Air,4450.00,Delivered
SHP-00000051,SO-00000074,PLT008,CUS016,2025-11-22,2025-12-13,2025-12-11,DHL Supply Chain,Rail,1867.00,Delivered
SHP-00000052,SO-00000274,PLT001,CUS008,2025-11-20,2025-12-07,2025-12-09,DHL Supply Chain,Ocean,577.00,Delayed
SHP-00000053,SO-00000250,PLT008,CUS020,2025-11-27,2025-12-18,2025-12-18,DB Schenker,Air,3267.00,Delivered
SHP-00000054,SO-00000261,PLT005,CUS013,2025-11-23,2025-11-30,2025-11-30,DHL Supply Chain,Rail,975.00,Delivered
SHP-00000055,SO-00000176,PLT004,CUS008,2025-11-30,2025-12-05,2025-12-03,FedEx Freight,Air,3014.50,Delivered
SHP-00000056,SO-00000147,PLT004,CUS004,2025-11-27,2025-12-10,2025-12-08,Maersk Line,Truck,712.50,Delivered
SHP-00000057,SO-00000078,PLT004,CUS005,2025-11-26,2025-12-14,2025-12-14,FedEx Freight,Rail,1197.00,Delivered
SHP-00000058,SO-00000320,PLT002,CUS001,2025-11-28,2025-12-06,2025-12-03,DB Schenker,Ocean,3610.00,Delivered
SHP-00000059,SO-00000400,PLT007,CUS001,2025-12-02,2025-12-07,2025-12-07,DB Schenker,Truck,3754.50,Delivered
SHP-00000060,SO-00000259,PLT006,CUS010,2025-11-28,2025-12-04,2025-12-02,FedEx Freight,Rail,3067.00,Delivered
SHP-00000061,SO-00000033,PLT006,CUS016,2025-11-28,2025-12-12,2025-12-09,FedEx Freight,Ocean,3748.00,Delivered
SHP-00000062,SO-00000249,PLT007,CUS003,2025-12-01,2025-12-21,2025-12-21,DHL Supply Chain,Air,4475.00,Delivered
SHP-00000063,SO-00000272,PLT005,CUS008,2025-12-03,2025-12-07,2025-12-05,DB Schenker,Rail,4612.50,Delivered
SHP-00000064,SO-00000394,PLT004,CUS003,2025-12-04,2025-12-30,,Maersk Line,Truck,339.00,In Transit
SHP-00000065,SO-00000361,PLT001,CUS012,2025-12-08,2025-12-24,2025-12-21,XPO Logistics,Air,802.00,Delivered
SHP-00000066,SO-00000223,PLT001,CUS003,2025-12-08,2025-12-17,,DB Schenker,Rail,3255.50,In Transit
SHP-00000067,SO-00000355,PLT003,CUS007,2025-12-12,2025-12-17,2025-12-17,DHL Supply Chain,Ocean,567.50,Delivered
SHP-00000068,SO-00000366,PLT008,CUS001,2025-12-09,2025-12-14,2025-12-19,Maersk Line,Truck,700.50,Delayed
SHP-00000069,SO-00000251,PLT008,CUS012,2025-12-13,2025-12-27,2025-12-24,DB Schenker,Rail,1920.50,Delivered
SHP-00000070,SO-00000353,PLT004,CUS017,2025-12-13,2025-12-28,,Maersk Line,Truck,1277.50,In Transit
SHP-00000071,SO-00000188,PLT004,CUS017,2025-12-15,2025-12-19,,DHL Supply Chain,Rail,715.00,In Transit
SHP-00000072,SO-00000197,PLT007,CUS013,2025-12-18,2025-12-20,2025-12-22,FedEx Freight,Ocean,810.50,Delayed
SHP-00000073,SO-00000023,PLT008,CUS017,2025-12-21,2026-01-03,2025-12-31,DHL Supply Chain,Ocean,4724.00,Delivered
SHP-00000074,SO-00000247,PLT007,CUS010,2025-12-23,2025-12-29,2025-12-26,DB Schenker,Truck,3979.00,Delivered
SHP-00000075,SO-00000031,PLT003,CUS009,2025-12-23,2026-01-12,2026-01-10,DHL Supply Chain,Ocean,4985.00,Delivered
SHP-00000076,SO-00000063,PLT004,CUS010,2025-12-25,2026-01-18,2026-01-15,FedEx Freight,Air,843.50,Delivered
SHP-00000077,SO-00000053,PLT005,CUS016,2025-12-28,2026-01-14,2026-01-13,XPO Logistics,Truck,4325.50,Delivered
SHP-00000078,SO-00000085,PLT005,CUS012,2025-12-28,2026-01-12,,DHL Supply Chain,Ocean,5058.50,In Transit
SHP-00000079,SO-00000365,PLT006,CUS003,2026-01-02,2026-01-07,2026-01-07,XPO Logistics,Air,4927.00,Delivered
SHP-00000080,SO-00000298,PLT006,CUS019,2025-12-31,2026-01-06,2026-01-06,DHL Supply Chain,Ocean,2139.50,Delivered
SHP-00000081,SO-00000378,PLT008,CUS004,2025-12-31,2026-01-07,2026-01-05,FedEx Freight,Truck,2887.00,Delivered
SHP-00000082,SO-00000233,PLT007,CUS020,2025-12-31,2026-01-12,2026-01-12,DB Schenker,Air,300.50,Delivered
SHP-00000083,SO-00000164,PLT002,CUS003,2026-01-04,2026-01-14,2026-01-21,Maersk Line,Ocean,465.50,Delayed
SHP-00000084,SO-00000124,PLT004,CUS017,2025-12-31,2026-01-27,2026-01-27,DB Schenker,Rail,5009.00,Delivered
SHP-00000085,SO-00000111,PLT002,CUS011,2026-01-03,2026-01-26,2026-01-26,Maersk Line,Truck,4695.00,Delivered
SHP-00000086,SO-00000132,PLT002,CUS007,2026-01-07,2026-01-30,2026-01-28,XPO Logistics,Ocean,4953.00,Delivered
SHP-00000087,SO-00000014,PLT005,CUS002,2026-01-06,2026-01-11,2026-01-18,FedEx Freight,Rail,3382.50,Delayed
SHP-00000088,SO-00000122,PLT001,CUS016,2026-01-11,2026-01-25,2026-01-25,DB Schenker,Ocean,3882.00,Delivered
SHP-00000089,SO-00000294,PLT005,CUS011,2026-01-12,2026-01-24,2026-01-21,DHL Supply Chain,Rail,1594.50,Delivered
SHP-00000090,SO-00000380,PLT007,CUS011,2026-01-12,2026-01-19,2026-01-17,DB Schenker,Air,2492.50,Delivered
SHP-00000091,SO-00000379,PLT007,CUS019,2026-01-12,2026-01-23,,FedEx Freight,Ocean,1161.00,In Transit
SHP-00000092,SO-00000213,PLT002,CUS015,2026-01-13,2026-01-21,2026-01-26,FedEx Freight,Air,2778.50,Delayed
SHP-00000093,SO-00000364,PLT007,CUS014,2026-01-11,2026-02-08,,FedEx Freight,Air,4348.00,In Transit
SHP-00000094,SO-00000201,PLT008,CUS004,2026-01-11,2026-01-26,2026-01-23,DB Schenker,Rail,1869.50,Delivered
SHP-00000095,SO-00000051,PLT007,CUS015,2026-01-14,2026-01-25,2026-01-23,XPO Logistics,Ocean,1217.00,Delivered
SHP-00000096,SO-00000230,PLT005,CUS013,2026-01-15,2026-02-02,2026-01-30,Maersk Line,Truck,849.00,Delivered
SHP-00000097,SO-00000226,PLT007,CUS007,2026-01-19,2026-01-27,2026-01-26,FedEx Freight,Air,2690.50,Delivered
SHP-00000098,SO-00000025,PLT008,CUS007,2026-01-18,2026-02-12,2026-02-12,DHL Supply Chain,Air,385.50,Delivered
SHP-00000099,SO-00000314,PLT002,CUS018,2026-01-21,2026-01-21,2026-01-21,DB Schenker,Ocean,1766.50,Delivered
SHP-00000100,SO-00000041,PLT008,CUS002,2026-01-18,2026-02-05,2026-02-11,DB Schenker,Truck,4816.00,Delayed
SHP-00000101,SO-00000022,PLT006,CUS008,2026-01-20,2026-02-05,2026-02-03,DHL Supply Chain,Ocean,4289.00,Delivered
SHP-00000102,SO-00000109,PLT008,CUS005,2026-01-22,2026-02-09,2026-02-08,DHL Supply Chain,Ocean,1547.00,Delivered
SHP-00000103,SO-00000220,PLT005,CUS012,2026-01-20,2026-02-10,2026-02-17,DHL Supply Chain,Air,1846.00,Delayed
SHP-00000104,SO-00000068,PLT005,CUS009,2026-01-20,2026-02-04,2026-02-04,DB Schenker,Air,3455.50,Delivered
SHP-00000105,SO-00000356,PLT001,CUS015,2026-01-24,2026-02-05,2026-02-03,Maersk Line,Truck,1066.50,Delivered
SHP-00000106,SO-00000118,PLT007,CUS007,2026-01-26,2026-02-18,2026-02-16,FedEx Freight,Ocean,4240.50,Delivered
SHP-00000107,SO-00000252,PLT008,CUS015,2026-01-27,2026-02-04,,FedEx Freight,Rail,3711.50,In Transit
SHP-00000108,SO-00000177,PLT004,CUS013,2026-01-24,2026-02-04,2026-02-04,DB Schenker,Rail,2380.50,Delivered
SHP-00000109,SO-00000137,PLT006,CUS009,2026-01-27,2026-02-02,2026-02-09,Maersk Line,Air,2661.50,Delayed
SHP-00000110,SO-00000059,PLT006,CUS019,2026-01-27,2026-02-22,2026-02-23,DHL Supply Chain,Air,4699.50,Delayed
SHP-00000111,SO-00000167,PLT004,CUS014,2026-01-28,2026-02-08,2026-02-06,XPO Logistics,Rail,784.50,Delivered
SHP-00000112,SO-00000136,PLT003,CUS010,2026-02-01,2026-02-22,2026-02-27,DB Schenker,Ocean,3799.50,Delayed
SHP-00000113,SO-00000043,PLT002,CUS010,2026-02-01,2026-02-20,2026-02-18,DHL Supply Chain,Rail,1707.00,Delivered
SHP-00000114,SO-00000184,PLT007,CUS013,2026-02-02,2026-02-19,2026-02-18,FedEx Freight,Rail,1167.50,Delivered
SHP-00000115,SO-00000256,PLT004,CUS014,2026-02-02,2026-02-10,2026-02-09,FedEx Freight,Air,2797.00,Delivered
SHP-00000116,SO-00000253,PLT005,CUS014,2026-02-03,2026-02-18,2026-02-18,DB Schenker,Truck,4386.00,Delivered
SHP-00000117,SO-00000008,PLT007,CUS016,2026-02-04,2026-02-25,2026-03-04,DHL Supply Chain,Rail,1338.50,Delayed
SHP-00000118,SO-00000114,PLT004,CUS007,2026-02-09,2026-02-23,2026-02-20,DB Schenker,Air,1922.50,Delivered
SHP-00000119,SO-00000064,PLT005,CUS001,2026-02-08,2026-03-02,2026-02-27,DB Schenker,Truck,911.00,Delivered
SHP-00000120,SO-00000207,PLT002,CUS002,2026-02-06,2026-02-28,2026-02-25,DB Schenker,Ocean,2563.50,Delivered
SHP-00000121,SO-00000198,PLT005,CUS013,2026-02-10,2026-03-06,,DHL Supply Chain,Ocean,2398.50,In Transit
SHP-00000122,SO-00000104,PLT008,CUS004,2026-02-07,2026-02-23,2026-02-20,XPO Logistics,Rail,4177.50,Delivered
SHP-00000123,SO-00000050,PLT005,CUS011,2026-02-11,2026-03-06,2026-03-06,Maersk Line,Rail,809.00,Delivered
SHP-00000124,SO-00000204,PLT006,CUS004,2026-02-09,2026-02-20,2026-02-17,Maersk Line,Rail,4056.50,Delivered
SHP-00000125,SO-00000152,PLT002,CUS006,2026-02-08,2026-03-07,2026-03-05,Maersk Line,Ocean,1618.50,Delivered
SHP-00000126,SO-00000235,PLT008,CUS003,2026-02-11,2026-02-15,2026-02-13,DHL Supply Chain,Truck,3371.00,Delivered
SHP-00000127,SO-00000397,PLT006,CUS020,2026-02-14,2026-02-25,2026-02-24,XPO Logistics,Ocean,2699.50,Delivered
SHP-00000128,SO-00000150,PLT001,CUS019,2026-02-13,2026-03-08,2026-03-14,XPO Logistics,Truck,1871.00,Delayed
SHP-00000129,SO-00000225,PLT005,CUS017,2026-02-13,2026-03-12,2026-03-12,DB Schenker,Air,3777.00,Delivered
SHP-00000130,SO-00000016,PLT004,CUS018,2026-02-13,2026-03-04,2026-03-02,Maersk Line,Air,4254.00,Delivered
SHP-00000131,SO-00000390,PLT003,CUS008,2026-02-19,2026-03-14,2026-03-12,Maersk Line,Truck,462.50,Delivered
SHP-00000132,SO-00000092,PLT002,CUS015,2026-02-16,2026-03-16,2026-03-16,DB Schenker,Rail,5063.00,Delivered
SHP-00000133,SO-00000377,PLT003,CUS001,2026-02-18,2026-02-21,2026-02-18,XPO Logistics,Ocean,1062.00,Delivered
SHP-00000134,SO-00000160,PLT008,CUS003,2026-02-19,2026-03-01,2026-02-26,DHL Supply Chain,Rail,3693.00,Delivered
SHP-00000135,SO-00000277,PLT004,CUS005,2026-02-19,2026-02-27,2026-02-27,DB Schenker,Ocean,1907.50,Delivered
SHP-00000136,SO-00000094,PLT002,CUS011,2026-02-19,2026-03-07,2026-03-07,Maersk Line,Rail,1025.50,Delivered
SHP-00000137,SO-00000144,PLT003,CUS017,2026-02-24,2026-03-22,2026-03-22,Maersk Line,Rail,3200.50,Delivered
SHP-00000138,SO-00000290,PLT004,CUS016,2026-02-25,2026-02-27,2026-02-24,FedEx Freight,Truck,3632.00,Delivered
SHP-00000139,SO-00000339,PLT006,CUS008,2026-02-28,2026-03-20,2026-03-18,DB Schenker,Ocean,4702.00,Delivered
SHP-00000140,SO-00000330,PLT004,CUS011,2026-03-01,2026-03-06,2026-03-04,FedEx Freight,Truck,3243.50,Delivered
SHP-00000141,SO-00000157,PLT004,CUS012,2026-03-01,2026-03-22,2026-03-27,XPO Logistics,Air,4874.00,Delayed
SHP-00000142,SO-00000159,PLT008,CUS005,2026-03-07,2026-03-24,2026-03-21,DHL Supply Chain,Air,2345.00,Delivered
SHP-00000143,SO-00000196,PLT008,CUS011,2026-03-08,2026-03-12,2026-03-12,XPO Logistics,Truck,2210.50,Delivered
SHP-00000144,SO-00000038,PLT001,CUS007,2026-03-07,2026-03-11,2026-03-09,Maersk Line,Rail,3253.00,Delivered
SHP-00000145,SO-00000170,PLT006,CUS013,2026-03-05,2026-03-23,2026-03-21,FedEx Freight,Ocean,4409.00,Delivered
SHP-00000146,SO-00000141,PLT008,CUS015,2026-03-11,2026-03-30,2026-03-27,FedEx Freight,Truck,4008.00,Delivered
SHP-00000147,SO-00000385,PLT002,CUS002,2026-03-12,2026-03-26,,DB Schenker,Air,1193.00,In Transit
SHP-00000148,SO-00000317,PLT004,CUS010,2026-03-12,2026-03-26,2026-03-28,DB Schenker,Truck,2903.00,Delayed
SHP-00000149,SO-00000145,PLT008,CUS020,2026-03-11,2026-03-25,2026-03-22,FedEx Freight,Ocean,5068.00,Delivered
SHP-00000150,SO-00000387,PLT004,CUS014,2026-03-10,2026-03-17,,FedEx Freight,Rail,3874.50,In Transit
SHP-00000151,SO-00000351,PLT005,CUS008,2026-03-10,2026-03-21,2026-03-21,DB Schenker,Rail,1261.00,Delivered
SHP-00000152,SO-00000045,PLT002,CUS013,2026-03-11,2026-03-28,2026-03-28,FedEx Freight,Air,848.00,Delivered
SHP-00000153,SO-00000012,PLT004,CUS010,2026-03-11,2026-03-15,2026-03-22,FedEx Freight,Ocean,4030.50,Delayed
SHP-00000154,SO-00000194,PLT005,CUS013,2026-03-14,2026-03-31,2026-03-31,XPO Logistics,Air,3158.00,Delivered
SHP-00000155,SO-00000032,PLT007,CUS014,2026-03-15,2026-04-08,2026-04-15,FedEx Freight,Air,872.00,Delayed
SHP-00000156,SO-00000264,PLT005,CUS004,2026-03-15,2026-04-12,2026-04-10,XPO Logistics,Rail,2945.50,Delivered
SHP-00000157,SO-00000326,PLT001,CUS003,2026-03-17,2026-03-31,2026-03-29,DB Schenker,Rail,2892.50,Delivered
SHP-00000158,SO-00000079,PLT001,CUS016,2026-03-18,2026-03-31,2026-03-29,FedEx Freight,Air,4584.00,Delivered
SHP-00000159,SO-00000329,PLT008,CUS005,2026-03-15,2026-04-02,2026-04-02,XPO Logistics,Truck,689.50,Delivered
SHP-00000160,SO-00000002,PLT004,CUS017,2026-03-20,2026-04-10,2026-04-08,XPO Logistics,Ocean,3076.50,Delivered
SHP-00000161,SO-00000396,PLT007,CUS013,2026-03-20,2026-04-11,2026-04-11,DB Schenker,Rail,1516.50,Delivered
SHP-00000162,SO-00000133,PLT006,CUS004,2026-03-19,2026-04-15,2026-04-13,Maersk Line,Air,3013.50,Delivered
SHP-00000163,SO-00000139,PLT007,CUS016,2026-03-20,2026-04-11,2026-04-11,DB Schenker,Rail,3150.50,Delivered
SHP-00000164,SO-00000369,PLT002,CUS015,2026-03-24,2026-04-19,2026-04-16,Maersk Line,Rail,4011.50,Delivered
SHP-00000165,SO-00000179,PLT003,CUS005,2026-03-21,2026-03-26,2026-03-24,FedEx Freight,Ocean,4031.50,Delivered
SHP-00000166,SO-00000011,PLT008,CUS007,2026-03-22,2026-04-05,,DB Schenker,Truck,477.00,In Transit
SHP-00000167,SO-00000382,PLT003,CUS013,2026-03-26,2026-04-17,2026-04-16,DHL Supply Chain,Ocean,3000.00,Delivered
SHP-00000168,SO-00000017,PLT004,CUS019,2026-03-29,2026-04-15,2026-04-15,FedEx Freight,Rail,4764.50,Delivered
SHP-00000169,SO-00000181,PLT003,CUS020,2026-03-27,2026-04-19,2026-04-19,DB Schenker,Ocean,1903.00,Delivered
SHP-00000170,SO-00000228,PLT003,CUS007,2026-03-30,2026-04-14,2026-04-14,DHL Supply Chain,Air,2757.50,Delivered
SHP-00000171,SO-00000362,PLT005,CUS014,2026-03-31,2026-04-17,2026-04-17,Maersk Line,Rail,4479.50,Delivered
SHP-00000172,SO-00000349,PLT001,CUS007,2026-03-29,2026-04-03,2026-04-02,Maersk Line,Air,441.00,Delivered
SHP-00000173,SO-00000359,PLT001,CUS006,2026-04-01,2026-04-13,2026-04-19,Maersk Line,Rail,2673.50,Delayed
SHP-00000174,SO-00000209,PLT005,CUS007,2026-04-05,2026-04-18,2026-04-17,DHL Supply Chain,Air,4225.00,Delivered
SHP-00000175,SO-00000186,PLT005,CUS005,2026-04-05,2026-04-15,2026-04-12,DB Schenker,Air,4048.50,Delivered
SHP-00000176,SO-00000260,PLT007,CUS013,2026-04-08,2026-04-15,2026-04-15,Maersk Line,Truck,5013.00,Delivered
SHP-00000177,SO-00000221,PLT006,CUS012,2026-04-06,2026-04-28,2026-04-28,DB Schenker,Ocean,2303.50,Delivered
SHP-00000178,SO-00000395,PLT004,CUS002,2026-04-08,2026-04-21,2026-04-18,Maersk Line,Rail,981.50,Delivered
SHP-00000179,SO-00000112,PLT002,CUS018,2026-04-10,2026-04-18,2026-04-25,XPO Logistics,Ocean,3234.00,Delayed
SHP-00000180,SO-00000242,PLT007,CUS016,2026-04-10,2026-04-20,2026-04-19,DHL Supply Chain,Air,1636.50,Delivered
SHP-00000181,SO-00000360,PLT004,CUS011,2026-04-13,2026-04-13,2026-04-10,DHL Supply Chain,Rail,3308.50,Delivered
SHP-00000182,SO-00000140,PLT006,CUS008,2026-04-09,2026-04-22,2026-04-21,DB Schenker,Rail,989.50,Delivered
SHP-00000183,SO-00000034,PLT001,CUS016,2026-04-12,2026-04-28,2026-04-27,DHL Supply Chain,Air,3955.00,Delivered
SHP-00000184,SO-00000282,PLT005,CUS019,2026-04-14,2026-04-28,2026-04-25,DHL Supply Chain,Air,2538.50,Delivered
SHP-00000185,SO-00000244,PLT001,CUS001,2026-04-15,2026-05-03,2026-05-03,DHL Supply Chain,Air,3633.00,Delivered
SHP-00000186,SO-00000049,PLT006,CUS013,2026-04-17,2026-05-01,2026-05-02,Maersk Line,Truck,3518.50,Delayed
SHP-00000187,SO-00000056,PLT005,CUS009,2026-04-17,2026-04-29,2026-04-28,XPO Logistics,Ocean,3252.50,Delivered
SHP-00000188,SO-00000343,PLT006,CUS010,2026-04-17,2026-05-02,2026-04-30,DHL Supply Chain,Air,4575.00,Delivered
SHP-00000189,SO-00000070,PLT001,CUS010,2026-04-15,2026-04-25,2026-04-23,Maersk Line,Rail,4955.00,Delivered
SHP-00000190,SO-00000374,PLT006,CUS014,2026-04-17,2026-04-24,2026-04-23,XPO Logistics,Truck,2095.00,Delivered
SHP-00000191,SO-00000333,PLT003,CUS014,2026-04-16,2026-04-30,2026-04-28,DHL Supply Chain,Air,2149.50,Delivered
SHP-00000192,SO-00000057,PLT002,CUS014,2026-04-18,2026-04-23,2026-04-20,XPO Logistics,Air,1755.00,Delivered
SHP-00000193,SO-00000163,PLT002,CUS019,2026-04-17,2026-05-11,2026-05-11,Maersk Line,Ocean,464.00,Delivered
SHP-00000194,SO-00000097,PLT007,CUS005,2026-04-20,2026-04-22,2026-04-21,Maersk Line,Ocean,378.00,Delivered
SHP-00000195,SO-00000195,PLT008,CUS015,2026-04-19,2026-05-08,2026-05-12,DHL Supply Chain,Truck,1334.00,Delayed
SHP-00000196,SO-00000210,PLT006,CUS003,2026-04-25,2026-05-06,2026-05-03,DHL Supply Chain,Air,2047.50,Delivered
SHP-00000197,SO-00000098,PLT006,CUS015,2026-04-26,2026-05-20,2026-05-20,Maersk Line,Air,2573.50,Delivered
SHP-00000198,SO-00000080,PLT003,CUS011,2026-04-27,2026-05-14,2026-05-14,DHL Supply Chain,Ocean,1624.00,Delivered
SHP-00000199,SO-00000279,PLT005,CUS018,2026-04-28,2026-05-12,2026-05-14,FedEx Freight,Ocean,4823.50,Delayed
SHP-00000200,SO-00000222,PLT003,CUS017,2026-05-02,2026-05-07,2026-05-05,XPO Logistics,Rail,3593.00,Delivered
SHP-00000201,SO-00000232,PLT008,CUS006,2026-04-30,2026-05-20,2026-05-20,FedEx Freight,Truck,586.50,Delivered
SHP-00000202,SO-00000338,PLT001,CUS010,2026-04-30,2026-05-17,2026-05-22,XPO Logistics,Rail,2592.00,Delayed
SHP-00000203,SO-00000300,PLT002,CUS006,2026-05-04,2026-05-11,2026-05-13,XPO Logistics,Truck,1904.50,Delayed
SHP-00000204,SO-00000037,PLT006,CUS006,2026-05-01,2026-05-14,2026-05-12,DHL Supply Chain,Rail,1975.50,Delivered
SHP-00000205,SO-00000348,PLT006,CUS002,2026-05-05,2026-05-27,2026-05-25,DB Schenker,Rail,2394.00,Delivered
SHP-00000206,SO-00000263,PLT003,CUS017,2026-05-05,2026-05-15,2026-05-20,DHL Supply Chain,Air,4537.00,Delayed
SHP-00000207,SO-00000010,PLT002,CUS012,2026-05-05,2026-05-12,2026-05-17,Maersk Line,Rail,3835.00,Delayed
SHP-00000208,SO-00000003,PLT008,CUS002,2026-05-05,2026-05-27,2026-05-24,Maersk Line,Ocean,807.00,Delivered
SHP-00000209,SO-00000082,PLT008,CUS005,2026-05-10,2026-05-19,2026-05-19,Maersk Line,Air,1114.50,Delivered
SHP-00000210,SO-00000005,PLT002,CUS002,2026-05-12,2026-05-31,2026-05-29,DB Schenker,Ocean,2020.00,Delivered
SHP-00000211,SO-00000076,PLT007,CUS004,2026-05-13,2026-05-26,,DHL Supply Chain,Ocean,4663.00,In Transit
SHP-00000212,SO-00000165,PLT007,CUS020,2026-05-10,2026-05-16,2026-05-15,DB Schenker,Truck,1751.50,Delivered
SHP-00000213,SO-00000309,PLT003,CUS014,2026-05-13,2026-05-28,2026-05-27,Maersk Line,Ocean,946.50,Delivered
SHP-00000214,SO-00000321,PLT003,CUS020,2026-05-12,2026-05-31,2026-05-28,FedEx Freight,Truck,4325.50,Delivered
SHP-00000215,SO-00000322,PLT007,CUS002,2026-05-14,2026-05-30,2026-05-28,XPO Logistics,Air,1220.50,Delivered
SHP-00000216,SO-00000307,PLT002,CUS005,2026-05-15,2026-05-28,,DHL Supply Chain,Rail,1155.00,In Transit
SHP-00000217,SO-00000227,PLT005,CUS018,2026-05-14,2026-05-15,2026-05-12,DB Schenker,Air,377.00,Delivered
SHP-00000218,SO-00000205,PLT004,CUS007,2026-05-14,2026-06-12,2026-06-11,DHL Supply Chain,Air,1435.50,Delivered
SHP-00000219,SO-00000007,PLT003,CUS016,2026-05-18,2026-06-07,2026-06-07,XPO Logistics,Truck,562.00,Delivered
SHP-00000220,SO-00000292,PLT006,CUS015,2026-05-21,2026-06-15,2026-06-12,DB Schenker,Ocean,1326.00,Delivered
SHP-00000221,SO-00000113,PLT002,CUS009,2026-05-20,2026-06-11,,XPO Logistics,Air,3269.50,In Transit
SHP-00000222,SO-00000241,PLT006,CUS016,2026-05-21,2026-05-29,2026-05-27,XPO Logistics,Air,1703.00,Delivered
SHP-00000223,SO-00000142,PLT001,CUS001,2026-05-21,2026-06-16,2026-06-15,DB Schenker,Truck,5170.00,Delivered
SHP-00000224,SO-00000052,PLT002,CUS018,2026-05-22,2026-05-30,,XPO Logistics,Air,4041.00,In Transit
SHP-00000225,SO-00000224,PLT005,CUS016,2026-05-23,2026-06-02,2026-06-02,DHL Supply Chain,Truck,4243.00,Delivered
SHP-00000226,SO-00000128,PLT004,CUS017,2026-05-24,2026-06-03,2026-06-03,DB Schenker,Truck,3653.50,Delivered
SHP-00000227,SO-00000131,PLT001,CUS018,2026-05-24,2026-06-10,,DHL Supply Chain,Air,4998.50,In Transit
SHP-00000228,SO-00000285,PLT002,CUS013,2026-05-23,2026-06-15,2026-06-13,Maersk Line,Air,869.00,Delivered
SHP-00000229,SO-00000214,PLT001,CUS018,2026-05-27,2026-06-09,2026-06-07,XPO Logistics,Rail,2168.00,Delivered
SHP-00000230,SO-00000086,PLT003,CUS020,2026-05-28,2026-06-07,,DHL Supply Chain,Truck,2387.00,In Transit
SHP-00000231,SO-00000383,PLT007,CUS009,2026-05-30,2026-06-07,2026-06-14,Maersk Line,Air,501.00,Delayed
SHP-00000232,SO-00000370,PLT003,CUS004,2026-05-30,2026-06-08,2026-06-05,FedEx Freight,Rail,932.50,Delivered
SHP-00000233,SO-00000302,PLT008,CUS016,2026-05-31,2026-06-26,2026-07-01,Maersk Line,Ocean,4009.50,Delayed
SHP-00000234,SO-00000257,PLT003,CUS005,2026-05-29,2026-06-19,2026-06-17,Maersk Line,Rail,1513.00,Delivered
SHP-00000235,SO-00000219,PLT004,CUS005,2026-05-31,2026-06-07,,DHL Supply Chain,Rail,2132.50,In Transit
SHP-00000236,SO-00000073,PLT002,CUS002,2026-06-01,2026-06-25,2026-06-22,XPO Logistics,Truck,4661.50,Delivered
SHP-00000237,SO-00000243,PLT002,CUS014,2026-05-30,2026-06-26,2026-07-02,DB Schenker,Rail,3348.50,Delayed
SHP-00000238,SO-00000178,PLT004,CUS001,2026-05-30,2026-06-21,2026-06-27,DHL Supply Chain,Air,4342.50,Delayed
SHP-00000239,SO-00000239,PLT007,CUS004,2026-06-03,2026-06-12,2026-06-09,FedEx Freight,Air,452.50,Delivered
SHP-00000240,SO-00000344,PLT003,CUS019,2026-06-02,2026-06-16,2026-06-14,Maersk Line,Ocean,2912.50,Delivered
SHP-00000241,SO-00000020,PLT007,CUS010,2026-06-05,2026-06-21,2026-06-20,FedEx Freight,Air,3160.00,Delivered
SHP-00000242,SO-00000042,PLT007,CUS008,2026-06-04,2026-06-19,2026-06-18,XPO Logistics,Truck,4694.00,Delivered
SHP-00000243,SO-00000084,PLT001,CUS009,2026-06-06,2026-06-12,2026-06-10,FedEx Freight,Rail,1718.00,Delivered
SHP-00000244,SO-00000018,PLT006,CUS013,2026-06-05,2026-06-23,2026-06-23,XPO Logistics,Ocean,3234.00,Delivered
SHP-00000245,SO-00000373,PLT005,CUS009,2026-06-07,2026-06-08,2026-06-08,DB Schenker,Rail,476.00,Delivered
SHP-00000246,SO-00000130,PLT002,CUS006,2026-06-06,2026-06-29,2026-06-29,Maersk Line,Truck,3714.50,Delivered
SHP-00000247,SO-00000135,PLT003,CUS020,2026-06-09,2026-07-04,2026-07-04,FedEx Freight,Truck,2761.50,Delivered
SHP-00000248,SO-00000006,PLT003,CUS007,2026-06-11,2026-06-18,2026-06-16,XPO Logistics,Truck,2542.00,Delivered
SHP-00000249,SO-00000311,PLT006,CUS009,2026-06-11,2026-06-30,2026-06-28,Maersk Line,Truck,4834.50,Delivered
SHP-00000250,SO-00000306,PLT002,CUS017,2026-06-12,2026-06-14,2026-06-14,DHL Supply Chain,Rail,1271.50,Delivered
SHP-00000251,SO-00000308,PLT008,CUS012,2026-06-11,2026-07-03,2026-06-30,DHL Supply Chain,Ocean,3531.50,Delivered
SHP-00000252,SO-00000386,PLT004,CUS002,2026-06-10,2026-06-29,2026-07-01,Maersk Line,Truck,4351.00,Delayed
SHP-00000253,SO-00000336,PLT001,CUS008,2026-06-15,2026-06-25,2026-06-22,DB Schenker,Air,3281.50,Delivered
SHP-00000254,SO-00000046,PLT002,CUS020,2026-06-20,2026-07-01,2026-06-28,Maersk Line,Air,2130.00,Delivered
SHP-00000255,SO-00000301,PLT003,CUS016,2026-06-20,2026-07-12,2026-07-09,DB Schenker,Ocean,1218.00,Delivered
SHP-00000256,SO-00000275,PLT008,CUS012,2026-06-20,2026-07-04,,FedEx Freight,Ocean,3509.00,In Transit
SHP-00000257,SO-00000267,PLT007,CUS018,2026-06-19,2026-07-12,2026-07-10,Maersk Line,Ocean,4685.50,Delivered
SHP-00000258,SO-00000149,PLT005,CUS008,2026-06-21,2026-07-10,2026-07-07,XPO Logistics,Truck,3659.50,Delivered
SHP-00000259,SO-00000089,PLT004,CUS012,2026-06-24,2026-07-01,2026-07-05,DB Schenker,Ocean,3640.50,Delayed
SHP-00000260,SO-00000375,PLT005,CUS008,2026-06-22,2026-07-07,2026-07-05,FedEx Freight,Air,3597.50,Delivered
SHP-00000261,SO-00000240,PLT001,CUS008,2026-06-23,2026-06-29,2026-06-29,DHL Supply Chain,Rail,4538.50,Delivered
SHP-00000262,SO-00000173,PLT002,CUS020,2026-06-22,2026-06-24,2026-06-23,XPO Logistics,Ocean,796.00,Delivered
SHP-00000263,SO-00000398,PLT004,CUS002,2026-06-21,2026-07-16,,DB Schenker,Rail,4568.50,In Transit
SHP-00000264,SO-00000120,PLT006,CUS011,2026-06-24,2026-07-06,2026-07-03,Maersk Line,Rail,5124.50,Delivered
SHP-00000265,SO-00000075,PLT008,CUS019,2026-06-21,2026-07-19,2026-07-19,XPO Logistics,Truck,3309.50,Delivered
SHP-00000266,SO-00000071,PLT002,CUS002,2026-06-22,2026-07-04,2026-07-04,XPO Logistics,Truck,656.50,Delivered
SHP-00000267,SO-00000304,PLT004,CUS018,2026-06-26,2026-07-04,2026-07-02,XPO Logistics,Air,4833.50,Delivered
SHP-00000268,SO-00000013,PLT006,CUS004,2026-06-24,2026-07-03,2026-06-30,DHL Supply Chain,Rail,2271.00,Delivered
SHP-00000269,SO-00000312,PLT008,CUS009,2026-06-29,2026-07-23,2026-07-30,FedEx Freight,Ocean,3100.00,Delayed
SHP-00000270,SO-00000021,PLT002,CUS019,2026-06-30,2026-07-03,2026-07-03,DB Schenker,Ocean,875.00,Delivered
SHP-00000271,SO-00000027,PLT001,CUS003,2026-07-02,2026-07-14,2026-07-12,XPO Logistics,Air,3649.50,Delivered
SHP-00000272,SO-00000315,PLT008,CUS004,2026-06-30,2026-07-16,2026-07-16,XPO Logistics,Ocean,4113.00,Delivered
SHP-00000273,SO-00000116,PLT006,CUS007,2026-06-30,2026-07-09,2026-07-06,FedEx Freight,Air,3572.50,Delivered
SHP-00000274,SO-00000384,PLT003,CUS001,2026-07-02,2026-07-12,2026-07-09,XPO Logistics,Rail,4921.00,Delivered
SHP-00000275,SO-00000203,PLT001,CUS014,2026-07-06,2026-07-09,,XPO Logistics,Rail,689.50,In Transit
SHP-00000276,SO-00000265,PLT002,CUS005,2026-07-05,2026-07-28,,Maersk Line,Rail,1183.00,In Transit
SHP-00000277,SO-00000245,PLT006,CUS016,2026-07-07,2026-07-21,2026-07-21,DHL Supply Chain,Truck,4628.00,Delivered
SHP-00000278,SO-00000001,PLT001,CUS009,2026-07-06,2026-07-27,2026-07-27,XPO Logistics,Rail,1812.00,Delivered
SHP-00000279,SO-00000172,PLT003,CUS015,2026-07-08,2026-07-26,,FedEx Freight,Air,3805.50,In Transit
SHP-00000280,SO-00000126,PLT002,CUS020,2026-07-07,2026-07-14,2026-07-12,XPO Logistics,Rail,514.50,Delivered
SHP-00000281,SO-00000101,PLT004,CUS002,2026-07-12,2026-07-20,2026-07-27,XPO Logistics,Air,1764.50,Delayed
SHP-00000282,SO-00000346,PLT008,CUS006,2026-07-12,2026-08-03,2026-08-02,DHL Supply Chain,Ocean,3422.00,Delivered
SHP-00000283,SO-00000357,PLT003,CUS006,2026-07-14,2026-08-08,2026-08-11,DB Schenker,Ocean,1000.50,Delayed
SHP-00000284,SO-00000399,PLT002,CUS019,2026-07-12,2026-07-18,2026-07-16,DB Schenker,Truck,4172.00,Delivered
SHP-00000285,SO-00000258,PLT004,CUS004,2026-07-15,2026-07-24,,FedEx Freight,Rail,4727.50,In Transit
SHP-00000286,SO-00000183,PLT006,CUS017,2026-07-15,2026-08-09,2026-08-09,FedEx Freight,Rail,809.50,Delivered
SHP-00000287,SO-00000392,PLT003,CUS018,2026-07-18,2026-08-11,2026-08-11,FedEx Freight,Truck,2370.00,Delivered
SHP-00000288,SO-00000236,PLT005,CUS011,2026-07-16,2026-08-08,2026-08-07,FedEx Freight,Truck,874.50,Delivered
SHP-00000289,SO-00000389,PLT003,CUS001,2026-07-21,2026-07-29,2026-07-30,FedEx Freight,Ocean,2241.00,Delayed
SHP-00000290,SO-00000105,PLT004,CUS015,2026-07-20,2026-08-15,2026-08-14,DB Schenker,Ocean,2035.00,Delivered
SHP-00000291,SO-00000119,PLT003,CUS005,2026-07-23,2026-07-28,2026-08-02,XPO Logistics,Air,5118.50,Delayed
SHP-00000292,SO-00000185,PLT005,CUS007,2026-07-26,2026-08-09,2026-08-06,XPO Logistics,Truck,1958.50,Delivered
SHP-00000293,SO-00000192,PLT001,CUS020,2026-07-25,2026-08-13,2026-08-11,DHL Supply Chain,Truck,5005.00,Delivered
SHP-00000294,SO-00000110,PLT006,CUS010,2026-07-28,2026-08-05,2026-08-02,DHL Supply Chain,Ocean,1858.00,Delivered
SHP-00000295,SO-00000153,PLT007,CUS011,2026-07-27,2026-08-04,2026-08-02,Maersk Line,Ocean,3615.50,Delivered
SHP-00000296,SO-00000090,PLT008,CUS012,2026-07-27,2026-08-23,2026-08-21,DHL Supply Chain,Ocean,4020.00,Delivered
SHP-00000297,SO-00000299,PLT005,CUS017,2026-07-28,2026-08-07,2026-08-07,XPO Logistics,Air,1651.00,Delivered
SHP-00000298,SO-00000388,PLT006,CUS002,2026-07-28,2026-08-21,2026-08-21,DHL Supply Chain,Rail,3713.00,Delivered
SHP-00000299,SO-00000081,PLT002,CUS008,2026-07-30,2026-08-12,2026-08-09,FedEx Freight,Rail,3190.00,Delivered
SHP-00000300,SO-00000268,PLT008,CUS006,2026-07-28,2026-08-19,2026-08-18,DHL Supply Chain,Truck,2143.50,Delivered
SHP-00000301,SO-00000187,PLT001,CUS010,2026-07-31,2026-08-16,2026-08-16,DB Schenker,Rail,1208.50,Delivered
SHP-00000302,SO-00000048,PLT007,CUS007,2026-07-31,2026-08-13,2026-08-13,FedEx Freight,Truck,1124.50,Delivered
SHP-00000303,SO-00000061,PLT008,CUS018,2026-08-09,2026-09-02,2026-09-01,XPO Logistics,Air,3375.00,Delivered
SHP-00000304,SO-00000206,PLT005,CUS006,2026-08-10,2026-08-25,2026-08-22,DHL Supply Chain,Air,2832.00,Delivered
SHP-00000305,SO-00000036,PLT004,CUS011,2026-08-12,2026-08-15,2026-08-16,Maersk Line,Rail,3046.50,Delayed
SHP-00000306,SO-00000154,PLT003,CUS016,2026-08-10,2026-09-06,2026-09-04,FedEx Freight,Air,3981.00,Delivered
SHP-00000307,SO-00000350,PLT007,CUS014,2026-08-13,2026-09-05,2026-09-05,XPO Logistics,Ocean,1058.00,Delivered
SHP-00000308,SO-00000151,PLT006,CUS009,2026-08-14,2026-09-03,2026-09-01,FedEx Freight,Rail,1750.50,Delivered
SHP-00000309,SO-00000273,PLT006,CUS004,2026-08-13,2026-08-25,2026-08-22,DHL Supply Chain,Air,722.50,Delivered
SHP-00000310,SO-00000129,PLT002,CUS011,2026-08-14,2026-09-10,2026-09-10,FedEx Freight,Ocean,4092.00,Delivered
SHP-00000311,SO-00000352,PLT007,CUS011,2026-08-13,2026-09-10,2026-09-08,Maersk Line,Rail,4917.50,Delivered
SHP-00000312,SO-00000347,PLT004,CUS011,2026-08-17,2026-09-12,,DB Schenker,Ocean,501.50,In Transit
SHP-00000313,SO-00000047,PLT002,CUS013,2026-08-19,2026-09-05,2026-09-03,XPO Logistics,Ocean,1963.00,Delivered
SHP-00000314,SO-00000161,PLT006,CUS009,2026-08-17,2026-09-05,2026-09-04,DB Schenker,Ocean,4143.50,Delivered
SHP-00000315,SO-00000166,PLT007,CUS008,2026-08-18,2026-09-15,2026-09-15,DB Schenker,Rail,3034.50,Delivered
SHP-00000316,SO-00000138,PLT001,CUS006,2026-08-26,2026-09-12,2026-09-10,XPO Logistics,Rail,4134.00,Delivered
SHP-00000317,SO-00000276,PLT007,CUS006,2026-08-23,2026-09-21,2026-09-21,DB Schenker,Air,2454.00,Delivered
SHP-00000318,SO-00000271,PLT007,CUS010,2026-08-26,2026-09-14,2026-09-13,XPO Logistics,Air,2453.50,Delivered
SHP-00000319,SO-00000091,PLT002,CUS010,2026-08-25,2026-09-08,,DB Schenker,Air,1714.00,In Transit
SHP-00000320,SO-00000191,PLT005,CUS018,2026-08-31,2026-09-19,2026-09-19,FedEx Freight,Rail,4307.50,Delivered
SHP-00000321,SO-00000103,PLT002,CUS010,2026-08-31,2026-09-26,,XPO Logistics,Air,419.50,In Transit
SHP-00000322,SO-00000174,PLT002,CUS014,2026-08-31,2026-09-07,2026-09-07,DHL Supply Chain,Air,513.50,Delivered
SHP-00000323,SO-00000066,PLT005,CUS003,2026-09-02,2026-09-14,2026-09-21,DB Schenker,Rail,3692.00,Delayed
SHP-00000324,SO-00000281,PLT005,CUS009,2026-09-02,2026-09-11,2026-09-11,Maersk Line,Rail,3328.00,Delivered
SHP-00000325,SO-00000200,PLT008,CUS012,2026-09-05,2026-09-11,2026-09-09,DB Schenker,Air,3954.00,Delivered
SHP-00000326,SO-00000238,PLT008,CUS004,2026-09-08,2026-10-02,2026-09-29,XPO Logistics,Ocean,593.50,Delivered
SHP-00000327,SO-00000393,PLT002,CUS018,2026-09-09,2026-09-22,2026-09-19,DB Schenker,Air,4030.50,Delivered
SHP-00000328,SO-00000255,PLT001,CUS003,2026-09-13,2026-10-08,2026-10-10,Maersk Line,Air,532.00,Delayed
SHP-00000329,SO-00000193,PLT003,CUS015,2026-09-15,2026-09-19,2026-09-23,FedEx Freight,Ocean,1522.50,Delayed
