SUPPLIER_ID,PART_ID,UNIT_PRICE,MIN_ORDER_QTY,LEAD_TIME_DAYS,CONTRACT_START,CONTRACT_END
SUP001,PRT001,11.80,500,7,2024-01-01,2025-12-31
SUP001,PRT006,32.50,200,7,2024-01-01,2025-12-31
SUP001,PRT010,27.40,300,8,2024-01-01,2025-12-31
SUP002,PRT005,58.90,1000,21,2024-03-01,2025-12-31
SUP002,PRT015,48.20,500,20,2024-03-01,2025-12-31
SUP003,PRT002,238.00,50,10,2024-01-01,2026-06-30
SUP003,PRT017,295.00,25,12,2024-01-01,2026-06-30
SUP004,PRT009,2.80,2000,16,2024-06-01,2025-12-31
SUP004,PRT014,82.00,100,18,2024-06-01,2025-12-31
SUP005,PRT001,12.20,400,8,2024-02-01,2025-12-31
SUP005,PRT004,7.90,1000,6,2024-02-01,2025-12-31
SUP006,PRT002,242.00,50,14,2024-01-01,2026-06-30
SUP006,PRT013,38.50,200,14,2024-01-01,2026-06-30
SUP006,PRT018,27.80,300,13,2024-01-01,2026-06-30
SUP007,PRT006,30.10,500,25,2024-04-01,2025-12-31
SUP007,PRT010,25.50,400,24,2024-04-01,2025-12-31
SUP008,PRT007,14.90,500,12,2024-01-01,2025-12-31
SUP008,PRT008,49.80,200,11,2024-01-01,2025-12-31
SUP009,PRT004,8.10,800,5,2024-05-01,2025-06-30
SUP009,PRT009,3.00,1500,4,2024-05-01,2025-06-30
SUP009,PRT019,4.30,1000,5,2024-05-01,2025-06-30
SUP010,PRT005,62.50,500,15,2024-01-01,2026-03-31
SUP010,PRT011,74.20,100,15,2024-01-01,2026-03-31
SUP010,PRT013,39.80,200,14,2024-01-01,2026-03-31
SUP011,PRT014,88.00,150,20,2024-07-01,2025-12-31
SUP012,PRT009,3.10,1000,22,2024-06-01,2025-12-31
SUP012,PRT019,4.60,800,21,2024-06-01,2025-12-31
SUP013,PRT003,175.00,80,9,2024-02-01,2025-12-31
SUP013,PRT012,20.50,500,8,2024-02-01,2025-12-31
SUP013,PRT020,2.60,2000,7,2024-02-01,2025-12-31
SUP014,PRT007,15.40,400,11,2024-01-01,2025-12-31
SUP014,PRT012,21.30,400,10,2024-01-01,2025-12-31
SUP015,PRT005,55.80,1500,19,2024-04-01,2025-12-31
SUP015,PRT011,72.00,200,18,2024-04-01,2025-12-31
SUP015,PRT018,26.50,500,17,2024-04-01,2025-12-31
