SUPPLIER_ID,SUPPLIER_NAME,COUNTRY,REGION,LATITUDE,LONGITUDE,WAREHOUSE_LAT,WAREHOUSE_LNG,INDUSTRIAL_ZONE,NEAREST_HUB_TYPE,DISTANCE_TO_HUB_KM
SUP001,Apex Materials Corp,United States,North America,39.8284,-98.5795,39.842343,-98.626999,Industrial Zone 9,Airport,30.7
SUP002,Yangtze Components Ltd,China,Asia Pacific,31.2304,121.4737,31.254047,121.49137,Industrial Zone 18,Port,72.9
SUP003,Rhine Precision GmbH,Germany,Europe,48.7758,9.1829,48.728978,9.14227,Industrial Zone 8,Port,69.5
SUP004,Tata Industrial Supply,India,Asia Pacific,19.076,72.8777,19.097602,72.897832,Industrial Zone 14,Airport,56.7
SUP005,Maple Fasteners Inc,Canada,North America,43.6532,-79.3832,43.631019,-79.34627,Industrial Zone 6,Highway Interchange,44.1
SUP006,Sakura Electronics Co,Japan,Asia Pacific,35.6762,139.6503,35.641748,139.696021,Industrial Zone 11,Port,15.7
SUP007,Sao Paulo Metals SA,Brazil,South America,-23.5505,-46.6333,-23.590828,-46.598551,Industrial Zone 20,Rail Hub,97.8
SUP008,Nordic Alloys AB,Sweden,Europe,59.3293,18.0686,59.352273,18.072223,Industrial Zone 13,Port,68.5
SUP009,Delta Plastics LLC,United States,North America,33.749,-84.388,33.78194,-84.376148,Industrial Zone 12,Airport,86.0
SUP010,Seoul Semiconductor Inc,South Korea,Asia Pacific,37.5665,126.978,37.521082,126.95079,Industrial Zone 10,Port,103.4
SUP011,Anatolian Castings AS,Turkey,Europe,41.0082,28.9784,41.044848,28.966413,Industrial Zone 15,Rail Hub,23.7
SUP012,Melbourne Rubber Pty,Australia,Asia Pacific,-37.8136,144.9631,-37.828073,144.980118,Industrial Zone 3,Airport,66.4
SUP013,Guadalajara Motors SA,Mexico,North America,20.6597,-103.3496,20.634181,-103.353374,Industrial Zone 9,Airport,83.7
SUP014,Thames Bearings Ltd,United Kingdom,Europe,51.5074,-0.1278,51.541685,-0.1002,Industrial Zone 8,Port,97.6
SUP015,Shenzhen PCB Tech Co,China,Asia Pacific,22.5431,114.0579,22.533216,114.014519,Industrial Zone 19,Rail Hub,29.5
